{"stats":{"minecraft:broken":{"minecraft:stone_sword":1,"minecraft:stone_pickaxe":1,"minecraft:iron_pickaxe":1},"minecraft:custom":{"minecraft:mob_kills":66,"minecraft:interact_with_crafting_table":33,"minecraft:interact_with_campfire":5,"minecraft:bell_ring":13,"minecraft:leave_game":3,"minecraft:time_since_death":148428,"minecraft:sprint_one_cm":684163,"minecraft:walk_one_cm":325577,"minecraft:damage_blocked_by_shield":935,"minecraft:drop":49,"minecraft:talked_to_villager":23,"minecraft:play_time":219405,"minecraft:deaths":2,"minecraft:sneak_time":5521,"minecraft:walk_under_water_one_cm":26916,"minecraft:boat_one_cm":286108,"minecraft:jump":5248,"minecraft:interact_with_blast_furnace":1,"minecraft:walk_on_water_one_cm":36821,"minecraft:total_world_time":219405,"minecraft:interact_with_furnace":32,"minecraft:traded_with_villager":19,"minecraft:interact_with_grindstone":3,"minecraft:sleep_in_bed":12,"minecraft:time_since_rest":22958,"minecraft:damage_taken":2589,"minecraft:damage_dealt":12143,"minecraft:swim_one_cm":126791,"minecraft:fly_one_cm":1186187,"minecraft:open_chest":71,"minecraft:crouch_one_cm":13060,"minecraft:fall_one_cm":176962},"minecraft:killed":{"minecraft:spider":8,"minecraft:skeleton":12,"minecraft:drowned":1,"minecraft:pig":2,"minecraft:zombie_villager":1,"minecraft:creeper":1,"minecraft:sheep":3,"minecraft:pillager":3,"minecraft:zombie":22,"minecraft:enderman":3,"minecraft:cow":6},"minecraft:killed_by":{"minecraft:player":1},"minecraft:mined":{"minecraft:dark_oak_log":3,"minecraft:dark_oak_fence":6,"minecraft:acacia_log":4,"minecraft:grass_block":10,"minecraft:jungle_planks":1,"minecraft:spruce_leaves":3,"minecraft:kelp":2,"minecraft:tall_seagrass":1,"minecraft:carrots":9,"minecraft:iron_ore":101,"minecraft:fire":1,"minecraft:andesite":1,"minecraft:deepslate_lapis_ore":4,"minecraft:bell":1,"minecraft:potatoes":2,"minecraft:deepslate_iron_ore":2,"minecraft:stone":177,"minecraft:acacia_leaves":40,"minecraft:kelp_plant":4,"minecraft:crafting_table":3,"minecraft:blast_furnace":1,"minecraft:chest":1,"minecraft:copper_ore":1,"minecraft:tall_grass":23,"minecraft:cobblestone":11,"minecraft:deepslate_gold_ore":4,"minecraft:lapis_ore":7,"minecraft:grindstone":3,"minecraft:sugar_cane":18,"minecraft:diorite":4,"minecraft:purple_bed":14,"minecraft:sweet_berry_bush":18,"minecraft:wheat":10,"minecraft:birch_leaves":1,"minecraft:grass":11,"minecraft:coal_ore":302,"minecraft:oak_log":6,"minecraft:dirt":16,"minecraft:cobweb":1,"minecraft:deepslate":4,"minecraft:mossy_stone_bricks":1,"minecraft:oak_leaves":5,"minecraft:fern":2},"minecraft:used":{"minecraft:stone_sword":145,"minecraft:poppy":2,"minecraft:chest":3,"minecraft:shield":35,"minecraft:iron_sword":117,"minecraft:bell":1,"minecraft:rotten_flesh":3,"minecraft:iron_chestplate":1,"minecraft:dirt":27,"minecraft:mutton":3,"minecraft:fern":1,"minecraft:iron_helmet":1,"minecraft:bow":2,"minecraft:beef":5,"minecraft:sweet_berries":46,"minecraft:furnace":2,"minecraft:egg":1,"minecraft:wheat_seeds":9,"minecraft:stone_pickaxe":133,"minecraft:wooden_pickaxe":34,"minecraft:crafting_table":2,"minecraft:blast_furnace":1,"minecraft:crossbow":6,"minecraft:apple":1,"minecraft:dark_oak_log":5,"minecraft:bread":50,"minecraft:iron_pickaxe":460,"minecraft:stone_axe":28,"minecraft:cobblestone":74,"minecraft:purple_bed":14,"minecraft:cooked_porkchop":5,"minecraft:white_banner":1,"minecraft:grindstone":3},"minecraft:picked_up":{"minecraft:crafting_table":2,"minecraft:wheat":10,"minecraft:string":11,"minecraft:raw_copper":4,"minecraft:compass":1,"minecraft:cobbled_deepslate":4,"minecraft:beef":13,"minecraft:poppy":2,"minecraft:sugar_cane":35,"minecraft:chest":1,"minecraft:egg":1,"minecraft:raw_iron":104,"minecraft:stick":1,"minecraft:acacia_log":4,"minecraft:porkchop":5,"minecraft:diorite":4,"minecraft:carrot":10,"minecraft:arrow":12,"minecraft:rotten_flesh":24,"minecraft:mutton":3,"minecraft:obsidian":2,"minecraft:white_wool":2,"minecraft:cobblestone":193,"minecraft:andesite":1,"minecraft:leather":2,"minecraft:potato":2,"minecraft:oak_log":6,"minecraft:gunpowder":1,"minecraft:lapis_lazuli":81,"minecraft:dirt":42,"minecraft:white_banner":2,"minecraft:bone":12,"minecraft:kelp":7,"minecraft:bow":2,"minecraft:wheat_seeds":41,"minecraft:raw_gold":4,"minecraft:bell":1,"minecraft:grindstone":3,"minecraft:acacia_sapling":4,"minecraft:cooked_porkchop":5,"minecraft:sweet_berries":60,"minecraft:jungle_planks":1,"minecraft:spruce_sapling":1,"minecraft:blast_furnace":1,"minecraft:dark_oak_log":5,"minecraft:spider_eye":3,"minecraft:purple_bed":14,"naturescompass:naturescompass":1,"minecraft:bread":104,"minecraft:oak_sapling":1,"minecraft:black_wool":1,"minecraft:dark_oak_fence":12,"minecraft:coal":303,"minecraft:ender_pearl":1},"minecraft:dropped":{"naturescompass:naturescompass":2,"minecraft:wheat_seeds":32,"minecraft:crossbow":1,"minecraft:iron_helmet":1,"minecraft:stick":1,"minecraft:dirt":15,"minecraft:diorite":4,"minecraft:dark_oak_fence":12,"minecraft:iron_leggings":1,"minecraft:white_banner":1,"minecraft:spruce_sapling":2,"minecraft:kelp":7,"minecraft:sweet_berries":21,"minecraft:raw_copper":3,"minecraft:wheat":2,"minecraft:rotten_flesh":6,"minecraft:iron_boots":1,"minecraft:filled_map":2,"minecraft:shield":1,"minecraft:iron_chestplate":1,"minecraft:oak_sapling":2,"minecraft:wooden_pickaxe":1},"minecraft:crafted":{"minecraft:oak_planks":24,"minecraft:furnace":2,"minecraft:bow":1,"minecraft:iron_boots":2,"minecraft:stone_pickaxe":1,"minecraft:chest":2,"minecraft:emerald":19,"minecraft:spruce_planks":24,"minecraft:wooden_pickaxe":1,"minecraft:iron_helmet":1,"minecraft:iron_sword":1,"minecraft:stone_axe":1,"minecraft:bread":3,"minecraft:air":0,"minecraft:shield":2,"naturescompass:naturescompass":1,"minecraft:stick":12,"minecraft:iron_ingot":22,"minecraft:iron_pickaxe":2,"minecraft:stone_sword":1,"minecraft:iron_leggings":1}},"DataVersion":3465}