{"stats":{"minecraft:picked_up":{"minecraft:crafting_table":3,"minecraft:wheat":10,"minecraft:amethyst_block":14,"minecraft:moss_carpet":1,"minecraft:string":16,"minecraft:raw_copper":7,"minecraft:compass":1,"minecraft:cobbled_deepslate":97,"minecraft:beef":13,"minecraft:calcite":23,"minecraft:poppy":2,"minecraft:iron_pickaxe":1,"minecraft:sugar_cane":35,"minecraft:chest":1,"minecraft:egg":1,"minecraft:stick":2,"minecraft:raw_iron":145,"minecraft:acacia_log":4,"minecraft:porkchop":5,"minecraft:diorite":5,"minecraft:carrot":10,"minecraft:redstone":17,"minecraft:arrow":31,"minecraft:rotten_flesh":45,"minecraft:glow_berries":1,"minecraft:obsidian":2,"minecraft:mutton":3,"minecraft:white_wool":2,"minecraft:cobblestone":427,"minecraft:pink_petals":41,"minecraft:glow_ink_sac":3,"minecraft:andesite":38,"minecraft:leather":2,"minecraft:potato":2,"minecraft:tuff":9,"minecraft:oak_log":52,"minecraft:gunpowder":1,"minecraft:lapis_lazuli":121,"minecraft:dirt":60,"minecraft:white_banner":2,"minecraft:bone":26,"minecraft:kelp":7,"minecraft:bow":5,"minecraft:wheat_seeds":43,"minecraft:raw_gold":4,"minecraft:bell":1,"minecraft:grindstone":4,"minecraft:moss_block":5,"minecraft:acacia_sapling":4,"minecraft:oak_planks":370,"minecraft:smooth_basalt":2,"minecraft:cooked_porkchop":5,"minecraft:sweet_berries":60,"minecraft:gravel":1,"minecraft:jungle_planks":1,"minecraft:amethyst_shard":16,"minecraft:spruce_sapling":1,"minecraft:blast_furnace":2,"minecraft:dark_oak_log":5,"minecraft:spider_eye":6,"minecraft:purple_bed":14,"minecraft:diamond":32,"minecraft:granite":7,"naturescompass:naturescompass":1,"minecraft:bread":104,"minecraft:coal":549,"minecraft:oak_sapling":1,"minecraft:black_wool":1,"minecraft:dark_oak_fence":12,"minecraft:ender_pearl":2},"minecraft:broken":{"minecraft:stone_sword":1,"minecraft:stone_pickaxe":1,"minecraft:stone_axe":1,"minecraft:iron_sword":1,"minecraft:iron_pickaxe":5,"minecraft:iron_helmet":1},"minecraft:crafted":{"minecraft:oak_planks":24,"minecraft:pink_bed":1,"minecraft:furnace":2,"minecraft:pink_dye":3,"minecraft:cooked_mutton":17,"minecraft:bow":1,"minecraft:iron_boots":2,"minecraft:stone_pickaxe":1,"minecraft:chest":2,"minecraft:emerald":47,"minecraft:spruce_planks":24,"minecraft:wooden_pickaxe":1,"minecraft:iron_helmet":1,"minecraft:iron_sword":1,"minecraft:bucket":1,"minecraft:stone_axe":1,"minecraft:bread":3,"minecraft:air":0,"minecraft:pink_wool":3,"minecraft:shield":2,"naturescompass:naturescompass":1,"minecraft:stick":20,"minecraft:iron_pickaxe":5,"minecraft:iron_ingot":95,"minecraft:stone_sword":1,"minecraft:iron_leggings":1,"minecraft:gold_ingot":4},"minecraft:killed_by":{"minecraft:player":1},"minecraft:mined":{"minecraft:tuff":3,"minecraft:deepslate_diamond_ore":31,"minecraft:dark_oak_log":3,"minecraft:cave_vines_plant":1,"minecraft:granite":7,"minecraft:dark_oak_fence":6,"minecraft:budding_amethyst":4,"minecraft:acacia_log":4,"minecraft:grass_block":16,"minecraft:jungle_planks":1,"minecraft:spruce_leaves":3,"minecraft:moss_block":6,"minecraft:kelp":2,"minecraft:tall_seagrass":1,"minecraft:carrots":9,"minecraft:iron_ore":115,"minecraft:fire":1,"minecraft:andesite":38,"minecraft:deepslate_lapis_ore":7,"minecraft:bell":1,"minecraft:potatoes":2,"minecraft:cave_vines":2,"minecraft:deepslate_iron_ore":23,"minecraft:stone":359,"minecraft:tripwire":1,"minecraft:deepslate_redstone_ore":4,"minecraft:acacia_leaves":40,"minecraft:kelp_plant":4,"minecraft:amethyst_cluster":2,"minecraft:crafting_table":4,"minecraft:blast_furnace":2,"minecraft:calcite":20,"minecraft:chest":1,"minecraft:tall_grass":29,"minecraft:copper_ore":1,"minecraft:cobblestone":75,"minecraft:lapis_ore":7,"minecraft:deepslate_gold_ore":4,"minecraft:grindstone":4,"minecraft:sugar_cane":18,"minecraft:diorite":5,"minecraft:amethyst_block":13,"minecraft:deepslate_copper_ore":1,"minecraft:purple_bed":14,"minecraft:wheat":10,"minecraft:sweet_berry_bush":18,"minecraft:birch_leaves":1,"minecraft:grass":27,"minecraft:oak_log":52,"minecraft:coal_ore":540,"minecraft:dirt":28,"minecraft:cobweb":1,"minecraft:smooth_basalt":1,"minecraft:mossy_stone_bricks":1,"minecraft:oak_leaves":11,"minecraft:deepslate":89,"minecraft:fern":2},"minecraft:custom":{"minecraft:mob_kills":119,"minecraft:interact_with_crafting_table":51,"minecraft:interact_with_campfire":5,"minecraft:bell_ring":19,"minecraft:leave_game":14,"minecraft:time_since_death":312437,"minecraft:climb_one_cm":1260,"minecraft:sprint_one_cm":1097745,"minecraft:walk_one_cm":552886,"minecraft:damage_blocked_by_shield":1935,"minecraft:drop":61,"minecraft:talked_to_villager":40,"minecraft:play_time":383414,"minecraft:sneak_time":15029,"minecraft:deaths":2,"minecraft:walk_under_water_one_cm":57990,"minecraft:boat_one_cm":286108,"minecraft:jump":9577,"minecraft:interact_with_blast_furnace":1,"minecraft:walk_on_water_one_cm":67694,"minecraft:total_world_time":383414,"minecraft:interact_with_furnace":74,"minecraft:traded_with_villager":47,"minecraft:interact_with_grindstone":3,"minecraft:sleep_in_bed":19,"minecraft:time_since_rest":56892,"minecraft:damage_taken":4924,"minecraft:damage_dealt":21870,"minecraft:swim_one_cm":142968,"minecraft:fly_one_cm":1847099,"minecraft:player_kills":1,"minecraft:open_chest":133,"minecraft:crouch_one_cm":36558,"minecraft:fall_one_cm":281187},"minecraft:used":{"minecraft:stone_sword":145,"minecraft:poppy":2,"minecraft:chest":3,"minecraft:shield":66,"minecraft:iron_sword":257,"minecraft:bell":1,"minecraft:rotten_flesh":3,"minecraft:iron_chestplate":1,"minecraft:dirt":34,"minecraft:mutton":3,"minecraft:fern":1,"minecraft:iron_helmet":1,"minecraft:smooth_basalt":2,"minecraft:bow":2,"minecraft:beef":5,"minecraft:sweet_berries":46,"minecraft:furnace":2,"minecraft:egg":1,"minecraft:cobbled_deepslate":1,"minecraft:wheat_seeds":9,"minecraft:cooked_mutton":3,"minecraft:water_bucket":3,"minecraft:stone_pickaxe":133,"minecraft:wooden_pickaxe":34,"minecraft:glow_berries":1,"minecraft:crafting_table":3,"minecraft:blast_furnace":2,"minecraft:crossbow":17,"minecraft:apple":1,"minecraft:dark_oak_log":5,"minecraft:string":1,"minecraft:iron_pickaxe":1201,"minecraft:bread":110,"minecraft:stone_axe":105,"minecraft:pink_bed":1,"minecraft:cobblestone":319,"minecraft:purple_bed":14,"minecraft:white_banner":1,"minecraft:grindstone":4,"minecraft:cooked_porkchop":5,"minecraft:bucket":4,"minecraft:andesite":21},"minecraft:killed":{"minecraft:witch":1,"minecraft:spider":14,"minecraft:skeleton":30,"minecraft:drowned":1,"minecraft:pig":2,"minecraft:zombie_villager":1,"minecraft:creeper":1,"minecraft:sheep":3,"minecraft:pillager":3,"minecraft:zombie":44,"minecraft:player":1,"minecraft:cow":6,"minecraft:enderman":8},"minecraft:dropped":{"naturescompass:naturescompass":2,"minecraft:moss_block":5,"minecraft:wheat_seeds":33,"minecraft:lapis_lazuli":20,"minecraft:crossbow":1,"minecraft:iron_helmet":1,"minecraft:stick":1,"minecraft:dirt":15,"minecraft:diorite":4,"minecraft:dark_oak_fence":12,"minecraft:iron_leggings":1,"minecraft:white_banner":1,"minecraft:spruce_sapling":2,"minecraft:gravel":1,"minecraft:moss_carpet":1,"minecraft:kelp":7,"minecraft:sweet_berries":21,"minecraft:raw_copper":6,"minecraft:wheat":2,"minecraft:raw_iron":2,"minecraft:rotten_flesh":8,"minecraft:iron_boots":1,"minecraft:filled_map":2,"minecraft:shield":1,"minecraft:iron_chestplate":1,"minecraft:oak_sapling":2,"minecraft:bow":2,"minecraft:wooden_pickaxe":1}},"DataVersion":3465}