{"stats":{"minecraft:broken":{"minecraft:stone_sword":1,"minecraft:stone_pickaxe":1,"minecraft:iron_pickaxe":2},"minecraft:custom":{"minecraft:mob_kills":77,"minecraft:interact_with_crafting_table":45,"minecraft:interact_with_campfire":5,"minecraft:bell_ring":15,"minecraft:leave_game":9,"minecraft:time_since_death":222864,"minecraft:sprint_one_cm":849114,"minecraft:walk_one_cm":399278,"minecraft:damage_blocked_by_shield":970,"minecraft:drop":55,"minecraft:talked_to_villager":34,"minecraft:play_time":293841,"minecraft:deaths":2,"minecraft:sneak_time":5795,"minecraft:walk_under_water_one_cm":27700,"minecraft:boat_one_cm":286108,"minecraft:jump":6780,"minecraft:interact_with_blast_furnace":1,"minecraft:walk_on_water_one_cm":37971,"minecraft:total_world_time":293841,"minecraft:interact_with_furnace":61,"minecraft:traded_with_villager":35,"minecraft:interact_with_grindstone":3,"minecraft:sleep_in_bed":17,"minecraft:time_since_rest":5649,"minecraft:damage_taken":3218,"minecraft:damage_dealt":13890,"minecraft:swim_one_cm":126794,"minecraft:fly_one_cm":1448980,"minecraft:open_chest":105,"minecraft:crouch_one_cm":13810,"minecraft:fall_one_cm":214861},"minecraft:killed":{"minecraft:spider":11,"minecraft:skeleton":16,"minecraft:drowned":1,"minecraft:pig":2,"minecraft:zombie_villager":1,"minecraft:creeper":1,"minecraft:sheep":3,"minecraft:pillager":3,"minecraft:zombie":26,"minecraft:cow":6,"minecraft:enderman":3},"minecraft:killed_by":{"minecraft:player":1},"minecraft:mined":{"minecraft:dark_oak_log":3,"minecraft:dark_oak_fence":6,"minecraft:acacia_log":4,"minecraft:grass_block":15,"minecraft:jungle_planks":1,"minecraft:spruce_leaves":3,"minecraft:kelp":2,"minecraft:tall_seagrass":1,"minecraft:carrots":9,"minecraft:iron_ore":101,"minecraft:fire":1,"minecraft:andesite":1,"minecraft:deepslate_lapis_ore":4,"minecraft:bell":1,"minecraft:potatoes":2,"minecraft:deepslate_iron_ore":2,"minecraft:stone":188,"minecraft:acacia_leaves":40,"minecraft:kelp_plant":4,"minecraft:crafting_table":3,"minecraft:blast_furnace":2,"minecraft:chest":1,"minecraft:tall_grass":29,"minecraft:copper_ore":1,"minecraft:cobblestone":14,"minecraft:lapis_ore":7,"minecraft:deepslate_gold_ore":4,"minecraft:grindstone":4,"minecraft:sugar_cane":18,"minecraft:diorite":4,"minecraft:purple_bed":14,"minecraft:wheat":10,"minecraft:sweet_berry_bush":18,"minecraft:birch_leaves":1,"minecraft:grass":23,"minecraft:oak_log":52,"minecraft:coal_ore":314,"minecraft:dirt":16,"minecraft:cobweb":1,"minecraft:mossy_stone_bricks":1,"minecraft:oak_leaves":11,"minecraft:deepslate":4,"minecraft:fern":2},"minecraft:used":{"minecraft:stone_sword":145,"minecraft:poppy":2,"minecraft:chest":3,"minecraft:shield":37,"minecraft:iron_sword":153,"minecraft:bell":1,"minecraft:rotten_flesh":3,"minecraft:iron_chestplate":1,"minecraft:dirt":32,"minecraft:mutton":3,"minecraft:fern":1,"minecraft:iron_helmet":1,"minecraft:bow":2,"minecraft:beef":5,"minecraft:sweet_berries":46,"minecraft:furnace":2,"minecraft:egg":1,"minecraft:wheat_seeds":9,"minecraft:stone_pickaxe":133,"minecraft:wooden_pickaxe":34,"minecraft:crafting_table":2,"minecraft:blast_furnace":2,"minecraft:crossbow":8,"minecraft:apple":1,"minecraft:dark_oak_log":5,"minecraft:bread":68,"minecraft:iron_pickaxe":488,"minecraft:stone_axe":81,"minecraft:cobblestone":78,"minecraft:purple_bed":14,"minecraft:white_banner":1,"minecraft:grindstone":4,"minecraft:cooked_porkchop":5},"minecraft:picked_up":{"minecraft:crafting_table":2,"minecraft:wheat":10,"minecraft:string":11,"minecraft:raw_copper":4,"minecraft:compass":1,"minecraft:cobbled_deepslate":4,"minecraft:beef":13,"minecraft:poppy":2,"minecraft:iron_pickaxe":1,"minecraft:sugar_cane":35,"minecraft:chest":1,"minecraft:egg":1,"minecraft:stick":1,"minecraft:raw_iron":106,"minecraft:acacia_log":4,"minecraft:porkchop":5,"minecraft:diorite":4,"minecraft:carrot":10,"minecraft:arrow":18,"minecraft:rotten_flesh":27,"minecraft:obsidian":2,"minecraft:mutton":3,"minecraft:white_wool":2,"minecraft:cobblestone":204,"minecraft:andesite":1,"minecraft:leather":2,"minecraft:potato":2,"minecraft:oak_log":52,"minecraft:gunpowder":1,"minecraft:lapis_lazuli":81,"minecraft:dirt":47,"minecraft:white_banner":2,"minecraft:bone":14,"minecraft:kelp":7,"minecraft:bow":4,"minecraft:wheat_seeds":43,"minecraft:raw_gold":4,"minecraft:bell":1,"minecraft:grindstone":4,"minecraft:acacia_sapling":4,"minecraft:oak_planks":370,"minecraft:cooked_porkchop":5,"minecraft:sweet_berries":60,"minecraft:gravel":1,"minecraft:jungle_planks":1,"minecraft:spruce_sapling":1,"minecraft:blast_furnace":2,"minecraft:dark_oak_log":5,"minecraft:spider_eye":3,"minecraft:purple_bed":14,"naturescompass:naturescompass":1,"minecraft:bread":104,"minecraft:coal":329,"minecraft:oak_sapling":1,"minecraft:black_wool":1,"minecraft:dark_oak_fence":12,"minecraft:ender_pearl":1},"minecraft:dropped":{"naturescompass:naturescompass":2,"minecraft:wheat_seeds":33,"minecraft:crossbow":1,"minecraft:iron_helmet":1,"minecraft:stick":1,"minecraft:dirt":15,"minecraft:diorite":4,"minecraft:dark_oak_fence":12,"minecraft:iron_leggings":1,"minecraft:white_banner":1,"minecraft:spruce_sapling":2,"minecraft:gravel":1,"minecraft:kelp":7,"minecraft:sweet_berries":21,"minecraft:raw_copper":3,"minecraft:wheat":2,"minecraft:raw_iron":2,"minecraft:rotten_flesh":6,"minecraft:iron_boots":1,"minecraft:filled_map":2,"minecraft:shield":1,"minecraft:iron_chestplate":1,"minecraft:oak_sapling":2,"minecraft:bow":2,"minecraft:wooden_pickaxe":1},"minecraft:crafted":{"minecraft:oak_planks":24,"minecraft:furnace":2,"minecraft:bow":1,"minecraft:iron_boots":2,"minecraft:stone_pickaxe":1,"minecraft:chest":2,"minecraft:emerald":35,"minecraft:spruce_planks":24,"minecraft:wooden_pickaxe":1,"minecraft:iron_helmet":1,"minecraft:iron_sword":1,"minecraft:stone_axe":1,"minecraft:bread":3,"minecraft:air":0,"minecraft:shield":2,"naturescompass:naturescompass":1,"minecraft:stick":16,"minecraft:iron_ingot":89,"minecraft:iron_pickaxe":4,"minecraft:stone_sword":1,"minecraft:gold_ingot":4,"minecraft:iron_leggings":1}},"DataVersion":3465}