{"stats":{"minecraft:picked_up":{"minecraft:crafting_table":3,"minecraft:wheat":10,"minecraft:chainmail_boots":3,"minecraft:amethyst_block":14,"minecraft:moss_carpet":1,"minecraft:string":16,"minecraft:raw_copper":7,"minecraft:compass":1,"minecraft:cobbled_deepslate":97,"minecraft:beef":13,"minecraft:calcite":23,"minecraft:poppy":2,"minecraft:iron_pickaxe":1,"minecraft:sugar_cane":35,"minecraft:chest":1,"minecraft:egg":2,"minecraft:stick":2,"minecraft:raw_iron":145,"minecraft:composter":1,"minecraft:acacia_log":4,"minecraft:porkchop":5,"minecraft:diorite":5,"minecraft:carrot":10,"minecraft:redstone":17,"minecraft:arrow":31,"minecraft:rotten_flesh":55,"minecraft:iron_block":8,"minecraft:glow_berries":1,"minecraft:obsidian":2,"minecraft:mutton":3,"minecraft:white_wool":2,"minecraft:cobblestone":444,"minecraft:pink_petals":41,"minecraft:glow_ink_sac":3,"minecraft:andesite":38,"minecraft:leather":2,"minecraft:potato":2,"minecraft:tuff":9,"minecraft:oak_log":52,"minecraft:gunpowder":1,"minecraft:lapis_lazuli":121,"minecraft:dirt":60,"minecraft:white_banner":2,"minecraft:bone":26,"minecraft:kelp":7,"minecraft:bow":5,"minecraft:wheat_seeds":43,"minecraft:raw_gold":4,"minecraft:bell":1,"minecraft:grindstone":6,"minecraft:fletching_table":2,"minecraft:moss_block":5,"minecraft:acacia_sapling":4,"minecraft:oak_planks":370,"minecraft:smooth_basalt":2,"minecraft:cooked_porkchop":5,"minecraft:sweet_berries":60,"minecraft:sand":37,"minecraft:gravel":1,"minecraft:jungle_planks":1,"minecraft:amethyst_shard":16,"minecraft:spruce_sapling":1,"minecraft:blast_furnace":2,"minecraft:white_bed":1,"minecraft:dark_oak_log":5,"minecraft:spider_eye":6,"minecraft:purple_bed":15,"minecraft:diamond":32,"minecraft:chainmail_leggings":2,"minecraft:granite":7,"naturescompass:naturescompass":1,"minecraft:chainmail_helmet":1,"minecraft:bread":104,"minecraft:coal":549,"minecraft:oak_sapling":1,"minecraft:black_wool":1,"minecraft:dark_oak_fence":12,"minecraft:ender_pearl":2},"minecraft:broken":{"minecraft:stone_sword":1,"minecraft:stone_pickaxe":1,"minecraft:stone_axe":1,"minecraft:iron_sword":1,"minecraft:iron_pickaxe":5,"minecraft:iron_helmet":1},"minecraft:crafted":{"minecraft:oak_planks":208,"minecraft:chainmail_helmet":4,"minecraft:pink_bed":1,"minecraft:furnace":2,"minecraft:diamond_shovel":1,"minecraft:pink_dye":3,"minecraft:cooked_mutton":17,"minecraft:oak_trapdoor":2,"minecraft:diamond_leggings":1,"minecraft:diamond_helmet":1,"minecraft:bow":1,"minecraft:iron_boots":2,"minecraft:stone_pickaxe":1,"minecraft:chest":4,"minecraft:diamond_boots":1,"minecraft:chainmail_leggings":12,"minecraft:diamond_sword":1,"minecraft:emerald":79,"minecraft:spruce_planks":24,"minecraft:wooden_pickaxe":1,"minecraft:iron_helmet":2,"minecraft:iron_sword":1,"minecraft:fletching_table":2,"minecraft:bucket":1,"minecraft:stone_axe":1,"minecraft:bread":3,"minecraft:air":0,"minecraft:diamond_pickaxe":1,"minecraft:pink_wool":3,"minecraft:shield":2,"naturescompass:naturescompass":1,"minecraft:stick":1068,"minecraft:chainmail_boots":12,"minecraft:iron_pickaxe":5,"minecraft:iron_ingot":95,"minecraft:stone_sword":1,"minecraft:iron_leggings":1,"minecraft:gold_ingot":4,"minecraft:diamond_chestplate":1},"minecraft:killed_by":{"minecraft:player":1},"minecraft:mined":{"minecraft:tuff":3,"minecraft:white_bed":1,"minecraft:deepslate_diamond_ore":31,"minecraft:dark_oak_log":3,"minecraft:cave_vines_plant":1,"minecraft:granite":7,"minecraft:dark_oak_fence":6,"minecraft:budding_amethyst":4,"minecraft:acacia_log":4,"minecraft:grass_block":16,"minecraft:jungle_planks":1,"minecraft:composter":1,"minecraft:spruce_leaves":3,"minecraft:moss_block":6,"minecraft:kelp":2,"minecraft:tall_seagrass":1,"minecraft:carrots":9,"minecraft:iron_ore":115,"minecraft:fire":1,"minecraft:andesite":38,"minecraft:fletching_table":2,"minecraft:deepslate_lapis_ore":7,"minecraft:bell":1,"minecraft:potatoes":2,"minecraft:cave_vines":2,"minecraft:deepslate_iron_ore":23,"minecraft:stone":376,"minecraft:iron_block":8,"minecraft:tripwire":1,"minecraft:deepslate_redstone_ore":4,"minecraft:acacia_leaves":40,"minecraft:kelp_plant":4,"minecraft:amethyst_cluster":2,"minecraft:crafting_table":4,"minecraft:blast_furnace":2,"minecraft:calcite":20,"minecraft:chest":1,"minecraft:tall_grass":29,"minecraft:copper_ore":1,"minecraft:cobblestone":75,"minecraft:lapis_ore":7,"minecraft:deepslate_gold_ore":4,"minecraft:grindstone":5,"minecraft:sugar_cane":18,"minecraft:diorite":5,"minecraft:amethyst_block":13,"minecraft:deepslate_copper_ore":1,"minecraft:purple_bed":15,"minecraft:wheat":10,"minecraft:sweet_berry_bush":18,"minecraft:birch_leaves":1,"minecraft:grass":28,"minecraft:oak_log":52,"minecraft:coal_ore":540,"minecraft:sand":37,"minecraft:dirt":28,"minecraft:cobweb":1,"minecraft:smooth_basalt":1,"minecraft:mossy_stone_bricks":1,"minecraft:oak_leaves":11,"minecraft:deepslate":89,"minecraft:fern":2},"minecraft:custom":{"minecraft:mob_kills":126,"minecraft:interact_with_crafting_table":60,"minecraft:interact_with_campfire":5,"minecraft:bell_ring":19,"minecraft:leave_game":14,"minecraft:time_since_death":342437,"minecraft:climb_one_cm":1260,"minecraft:sprint_one_cm":1161658,"minecraft:walk_one_cm":607744,"minecraft:damage_blocked_by_shield":1935,"minecraft:drop":101,"minecraft:talked_to_villager":67,"minecraft:play_time":413414,"minecraft:sneak_time":15103,"minecraft:deaths":2,"minecraft:walk_under_water_one_cm":57990,"minecraft:boat_one_cm":286108,"minecraft:jump":10000,"minecraft:interact_with_blast_furnace":1,"minecraft:walk_on_water_one_cm":73006,"minecraft:total_world_time":413414,"minecraft:interact_with_furnace":78,"minecraft:traded_with_villager":111,"minecraft:interact_with_grindstone":3,"minecraft:sleep_in_bed":21,"minecraft:time_since_rest":6133,"minecraft:damage_taken":5010,"minecraft:damage_dealt":22670,"minecraft:swim_one_cm":142968,"minecraft:fly_one_cm":1933388,"minecraft:player_kills":1,"minecraft:open_chest":194,"minecraft:crouch_one_cm":36696,"minecraft:fall_one_cm":291557},"minecraft:used":{"minecraft:oak_trapdoor":2,"minecraft:stone_sword":145,"minecraft:poppy":2,"minecraft:chest":5,"minecraft:shield":66,"minecraft:iron_sword":257,"minecraft:bell":1,"minecraft:rotten_flesh":3,"minecraft:iron_chestplate":1,"minecraft:dirt":34,"minecraft:mutton":3,"minecraft:fern":1,"minecraft:iron_block":8,"minecraft:iron_helmet":1,"minecraft:smooth_basalt":2,"minecraft:bow":2,"minecraft:beef":5,"minecraft:sweet_berries":46,"minecraft:furnace":2,"minecraft:egg":2,"minecraft:cobbled_deepslate":1,"minecraft:wheat_seeds":9,"minecraft:cooked_mutton":7,"minecraft:water_bucket":3,"minecraft:stone_pickaxe":133,"minecraft:wooden_pickaxe":34,"minecraft:fletching_table":4,"minecraft:glow_berries":1,"minecraft:crafting_table":3,"minecraft:blast_furnace":2,"minecraft:crossbow":28,"minecraft:white_bed":1,"minecraft:diamond_pickaxe":8,"minecraft:apple":1,"minecraft:diamond_shovel":37,"minecraft:dark_oak_log":5,"minecraft:string":1,"minecraft:iron_pickaxe":1229,"minecraft:bread":110,"minecraft:stone_axe":105,"minecraft:pink_bed":1,"minecraft:diamond_sword":6,"minecraft:cobblestone":319,"minecraft:purple_bed":15,"minecraft:white_banner":1,"minecraft:grindstone":5,"minecraft:cooked_porkchop":5,"minecraft:bucket":4,"minecraft:andesite":21},"minecraft:killed":{"minecraft:witch":1,"minecraft:spider":14,"minecraft:skeleton":30,"minecraft:drowned":1,"minecraft:pig":2,"minecraft:zombie_villager":1,"minecraft:creeper":1,"minecraft:sheep":3,"minecraft:pillager":3,"minecraft:zombie":51,"minecraft:player":1,"minecraft:cow":6,"minecraft:enderman":8},"minecraft:dropped":{"naturescompass:naturescompass":2,"minecraft:moss_block":5,"minecraft:wheat_seeds":33,"minecraft:lapis_lazuli":20,"minecraft:crossbow":1,"minecraft:iron_helmet":2,"minecraft:chainmail_helmet":5,"minecraft:stick":1,"minecraft:dirt":15,"minecraft:diorite":4,"minecraft:dark_oak_fence":12,"minecraft:iron_leggings":2,"minecraft:white_banner":1,"minecraft:iron_pickaxe":1,"minecraft:chainmail_leggings":14,"minecraft:spruce_sapling":2,"minecraft:gravel":1,"minecraft:moss_carpet":1,"minecraft:kelp":7,"minecraft:sweet_berries":21,"minecraft:raw_copper":6,"minecraft:wheat":2,"minecraft:raw_iron":2,"minecraft:rotten_flesh":8,"minecraft:grindstone":1,"minecraft:oak_planks":1,"minecraft:iron_boots":2,"minecraft:filled_map":2,"minecraft:shield":1,"minecraft:iron_chestplate":2,"minecraft:chainmail_boots":14,"minecraft:oak_sapling":2,"minecraft:bow":2,"minecraft:wooden_pickaxe":1}},"DataVersion":3465}