{"stats":{"minecraft:custom":{"minecraft:time_since_rest":17247,"minecraft:sprint_one_cm":106788,"minecraft:damage_taken":584,"minecraft:walk_one_cm":57552,"minecraft:mob_kills":7,"minecraft:drop":14,"minecraft:damage_dealt":937,"minecraft:swim_one_cm":11441,"minecraft:interact_with_crafting_table":3,"minecraft:fly_one_cm":63769,"minecraft:open_chest":2,"minecraft:crouch_one_cm":769,"minecraft:play_time":23622,"minecraft:interact_with_campfire":3,"minecraft:deaths":1,"minecraft:sneak_time":302,"minecraft:walk_under_water_one_cm":1136,"minecraft:jump":372,"minecraft:leave_game":1,"minecraft:time_since_death":17219,"minecraft:walk_on_water_one_cm":2870,"minecraft:total_world_time":23622,"minecraft:fall_one_cm":10370},"minecraft:killed":{"minecraft:sheep":3,"minecraft:skeleton":1,"minecraft:zombie":1,"minecraft:pig":2},"minecraft:mined":{"minecraft:purple_bed":2,"minecraft:fire":1,"minecraft:sweet_berry_bush":13,"minecraft:birch_leaves":1,"minecraft:crafting_table":1,"minecraft:grass_block":1,"minecraft:oak_log":6,"minecraft:dirt":10,"minecraft:spruce_leaves":3,"minecraft:stone":62,"minecraft:grindstone":1,"minecraft:sugar_cane":13,"minecraft:oak_leaves":5,"minecraft:fern":2},"minecraft:used":{"minecraft:stone_sword":39,"minecraft:bread":3,"minecraft:stone_pickaxe":29,"minecraft:iron_helmet":1,"minecraft:wooden_pickaxe":34,"minecraft:rotten_flesh":3,"minecraft:iron_chestplate":1,"minecraft:stone_axe":1,"minecraft:mutton":3,"minecraft:sweet_berries":9},"minecraft:picked_up":{"minecraft:cooked_porkchop":3,"minecraft:sweet_berries":60,"minecraft:porkchop":5,"minecraft:oak_log":6,"minecraft:dirt":12,"minecraft:bone":1,"minecraft:purple_bed":2,"minecraft:rotten_flesh":3,"minecraft:wheat_seeds":1,"minecraft:grindstone":1,"minecraft:bread":1,"minecraft:oak_sapling":1,"minecraft:black_wool":1,"minecraft:sugar_cane":30,"minecraft:mutton":3,"minecraft:white_wool":2,"minecraft:cobblestone":62},"minecraft:dropped":{"minecraft:sweet_berries":21,"minecraft:iron_chestplate":1,"minecraft:wooden_pickaxe":1},"minecraft:crafted":{"minecraft:oak_planks":24,"minecraft:stick":8,"minecraft:wooden_pickaxe":1,"minecraft:stone_pickaxe":1,"minecraft:stone_sword":1,"minecraft:stone_axe":1}},"DataVersion":3465}