{"stats":{"minecraft:custom":{"minecraft:mob_kills":13,"minecraft:interact_with_crafting_table":4,"minecraft:interact_with_campfire":5,"minecraft:leave_game":2,"minecraft:time_since_death":63046,"minecraft:sleep_in_bed":4,"minecraft:time_since_rest":3550,"minecraft:sprint_one_cm":253290,"minecraft:damage_taken":996,"minecraft:walk_one_cm":103061,"minecraft:drop":23,"minecraft:damage_dealt":2017,"minecraft:swim_one_cm":45698,"minecraft:fly_one_cm":377656,"minecraft:open_chest":16,"minecraft:crouch_one_cm":4952,"minecraft:play_time":69449,"minecraft:deaths":1,"minecraft:sneak_time":2451,"minecraft:walk_under_water_one_cm":10926,"minecraft:boat_one_cm":224191,"minecraft:jump":1664,"minecraft:walk_on_water_one_cm":5418,"minecraft:total_world_time":69449,"minecraft:fall_one_cm":56340},"minecraft:killed":{"minecraft:pig":2,"minecraft:sheep":3,"minecraft:skeleton":1,"minecraft:pillager":2,"minecraft:zombie":1,"minecraft:drowned":1,"minecraft:cow":3},"minecraft:mined":{"minecraft:kelp_plant":4,"minecraft:crafting_table":1,"minecraft:dark_oak_fence":6,"minecraft:grass_block":5,"minecraft:jungle_planks":1,"minecraft:spruce_leaves":3,"minecraft:grindstone":1,"minecraft:sugar_cane":18,"minecraft:kelp":2,"minecraft:purple_bed":6,"minecraft:tall_seagrass":1,"minecraft:carrots":9,"minecraft:iron_ore":17,"minecraft:fire":1,"minecraft:sweet_berry_bush":18,"minecraft:birch_leaves":1,"minecraft:grass":1,"minecraft:coal_ore":31,"minecraft:potatoes":2,"minecraft:oak_log":6,"minecraft:dirt":14,"minecraft:stone":70,"minecraft:mossy_stone_bricks":1,"minecraft:oak_leaves":5,"minecraft:fern":2},"minecraft:used":{"minecraft:stone_sword":71,"minecraft:stone_pickaxe":89,"minecraft:poppy":2,"minecraft:wooden_pickaxe":34,"minecraft:rotten_flesh":3,"minecraft:iron_chestplate":1,"minecraft:dirt":5,"minecraft:mutton":3,"minecraft:crossbow":1,"minecraft:fern":1,"minecraft:apple":1,"minecraft:bread":3,"minecraft:iron_helmet":1,"minecraft:stone_axe":8,"minecraft:sweet_berries":45,"minecraft:purple_bed":5,"minecraft:cooked_porkchop":5},"minecraft:picked_up":{"minecraft:leather":2,"minecraft:potato":2,"minecraft:oak_log":6,"minecraft:dirt":20,"minecraft:white_banner":1,"minecraft:bone":1,"minecraft:kelp":7,"minecraft:wheat_seeds":1,"minecraft:beef":7,"minecraft:grindstone":1,"minecraft:poppy":2,"minecraft:sugar_cane":35,"minecraft:raw_iron":18,"minecraft:cooked_porkchop":5,"minecraft:sweet_berries":60,"minecraft:jungle_planks":1,"minecraft:porkchop":5,"minecraft:carrot":9,"minecraft:purple_bed":6,"minecraft:rotten_flesh":4,"minecraft:bread":1,"minecraft:oak_sapling":1,"minecraft:dark_oak_fence":6,"minecraft:black_wool":1,"minecraft:mutton":3,"minecraft:coal":32,"minecraft:white_wool":2,"minecraft:cobblestone":69},"minecraft:dropped":{"minecraft:sweet_berries":21,"minecraft:kelp":7,"minecraft:wheat_seeds":1,"minecraft:crossbow":1,"minecraft:rotten_flesh":1,"minecraft:stick":1,"minecraft:filled_map":2,"minecraft:iron_chestplate":1,"minecraft:oak_sapling":2,"minecraft:white_banner":1,"minecraft:wooden_pickaxe":1},"minecraft:crafted":{"minecraft:oak_planks":24,"minecraft:wooden_pickaxe":1,"minecraft:stone_axe":1,"minecraft:stick":8,"minecraft:stone_pickaxe":1,"minecraft:stone_sword":1}},"DataVersion":3465}