{"stats":{"minecraft:dropped":{"naturescompass:naturescompass":2,"minecraft:moss_block":5,"minecraft:dark_oak_stairs":1,"minecraft:wheat_seeds":35,"minecraft:lapis_lazuli":26,"minecraft:crossbow":1,"minecraft:iron_helmet":2,"minecraft:chainmail_helmet":5,"minecraft:stick":1,"minecraft:dirt":80,"minecraft:diorite":4,"minecraft:dark_oak_fence":12,"minecraft:cornflower":1,"minecraft:iron_leggings":2,"minecraft:white_banner":1,"minecraft:iron_pickaxe":1,"minecraft:chainmail_leggings":14,"minecraft:spruce_sapling":2,"minecraft:dandelion":3,"minecraft:gravel":1,"minecraft:moss_carpet":1,"minecraft:kelp":7,"minecraft:sweet_berries":21,"minecraft:sugar_cane":2,"minecraft:iron_nugget":6,"minecraft:raw_copper":6,"minecraft:wheat":2,"minecraft:raw_iron":2,"minecraft:rotten_flesh":8,"minecraft:grindstone":1,"minecraft:oak_planks":28,"minecraft:iron_boots":2,"minecraft:azure_bluet":1,"minecraft:filled_map":2,"minecraft:shield":1,"minecraft:iron_chestplate":2,"minecraft:oak_sapling":3,"minecraft:chainmail_boots":14,"minecraft:bamboo":192,"minecraft:arrow":5,"minecraft:bow":2,"minecraft:wooden_pickaxe":1},"minecraft:picked_up":{"minecraft:crafting_table":3,"minecraft:wheat":10,"minecraft:azure_bluet":1,"minecraft:chainmail_boots":3,"minecraft:lead":2,"minecraft:amethyst_block":14,"minecraft:cornflower":1,"minecraft:string":16,"minecraft:moss_carpet":1,"minecraft:raw_copper":7,"minecraft:compass":1,"minecraft:cobbled_deepslate":97,"minecraft:beef":13,"minecraft:rose_bush":14,"minecraft:calcite":23,"minecraft:poppy":2,"minecraft:iron_pickaxe":1,"minecraft:melon_slice":32,"minecraft:sugar_cane":40,"minecraft:chest":1,"minecraft:egg":2,"minecraft:stick":2,"minecraft:raw_iron":145,"minecraft:composter":1,"minecraft:acacia_log":4,"minecraft:porkchop":5,"minecraft:diorite":5,"minecraft:carrot":10,"minecraft:redstone":17,"minecraft:arrow":32,"minecraft:rotten_flesh":57,"minecraft:iron_block":8,"minecraft:glow_berries":1,"minecraft:obsidian":2,"minecraft:mutton":3,"minecraft:white_wool":2,"minecraft:cobblestone":458,"minecraft:pink_petals":41,"minecraft:lilac":9,"minecraft:glow_ink_sac":3,"minecraft:andesite":38,"minecraft:leather":2,"minecraft:potato":63,"minecraft:tuff":9,"minecraft:oak_log":52,"minecraft:yellow_bed":1,"minecraft:gunpowder":1,"minecraft:lapis_lazuli":121,"minecraft:dirt":232,"minecraft:white_banner":3,"minecraft:bone":26,"minecraft:kelp":7,"minecraft:bow":5,"minecraft:wheat_seeds":49,"minecraft:raw_gold":4,"minecraft:bell":1,"minecraft:iron_ingot":34,"minecraft:grindstone":6,"minecraft:fletching_table":2,"minecraft:bamboo":1791,"minecraft:moss_block":5,"minecraft:oak_planks":370,"minecraft:acacia_sapling":4,"minecraft:dark_oak_stairs":1,"minecraft:smooth_basalt":2,"minecraft:cooked_porkchop":5,"minecraft:sweet_berries":60,"minecraft:dandelion":3,"minecraft:gravel":1,"minecraft:sand":38,"minecraft:jungle_planks":1,"minecraft:amethyst_shard":16,"minecraft:spruce_sapling":1,"minecraft:blast_furnace":2,"minecraft:white_bed":1,"minecraft:dark_oak_log":5,"minecraft:spider_eye":6,"minecraft:purple_bed":15,"minecraft:diamond":32,"minecraft:chainmail_leggings":2,"minecraft:granite":7,"minecraft:chainmail_helmet":1,"naturescompass:naturescompass":1,"minecraft:bread":113,"minecraft:emerald":19,"minecraft:oak_sapling":2,"minecraft:black_wool":1,"minecraft:dark_oak_fence":12,"minecraft:coal":549,"minecraft:ender_pearl":2},"minecraft:crafted":{"minecraft:oak_planks":208,"minecraft:chainmail_helmet":4,"minecraft:diamond_hoe":1,"minecraft:pink_bed":1,"minecraft:furnace":2,"minecraft:bone_meal":36,"minecraft:diamond_shovel":1,"minecraft:pink_dye":3,"minecraft:cooked_mutton":17,"minecraft:oak_trapdoor":2,"minecraft:flint_and_steel":1,"minecraft:glass":37,"minecraft:bow":1,"minecraft:diamond_helmet":1,"minecraft:diamond_leggings":1,"minecraft:iron_boots":2,"minecraft:stone_pickaxe":1,"minecraft:chest":4,"minecraft:diamond_boots":1,"minecraft:chainmail_leggings":12,"minecraft:diamond_sword":1,"minecraft:emerald":92,"minecraft:cooked_porkchop":1,"minecraft:diamond_axe":1,"minecraft:spruce_planks":24,"minecraft:wooden_pickaxe":1,"minecraft:iron_helmet":2,"minecraft:iron_sword":1,"minecraft:fletching_table":2,"minecraft:bucket":1,"minecraft:stone_axe":1,"minecraft:bread":3,"minecraft:air":0,"minecraft:pink_wool":3,"minecraft:diamond_pickaxe":1,"minecraft:shield":4,"naturescompass:naturescompass":1,"minecraft:stick":1707,"minecraft:chainmail_boots":12,"minecraft:iron_ingot":127,"minecraft:iron_pickaxe":5,"minecraft:stone_sword":1,"minecraft:iron_leggings":1,"minecraft:gold_ingot":4,"minecraft:diamond_chestplate":1},"minecraft:used":{"minecraft:oak_trapdoor":2,"minecraft:stone_sword":145,"minecraft:poppy":2,"minecraft:diamond_hoe":333,"minecraft:chest":5,"minecraft:shield":66,"minecraft:iron_sword":257,"minecraft:bell":1,"minecraft:rotten_flesh":3,"minecraft:iron_chestplate":1,"minecraft:dirt":74,"minecraft:mutton":3,"minecraft:carrot":9,"minecraft:obsidian":9,"minecraft:fern":1,"minecraft:glass":14,"minecraft:iron_block":8,"minecraft:iron_helmet":1,"minecraft:smooth_basalt":2,"minecraft:bamboo":1,"minecraft:bow":2,"minecraft:beef":5,"minecraft:sweet_berries":46,"minecraft:furnace":2,"minecraft:egg":2,"minecraft:potato":73,"minecraft:cobbled_deepslate":1,"minecraft:wheat_seeds":9,"minecraft:cooked_mutton":17,"minecraft:water_bucket":15,"minecraft:stone_pickaxe":133,"minecraft:wooden_pickaxe":34,"minecraft:sugar_cane":38,"minecraft:fletching_table":4,"minecraft:glow_berries":1,"minecraft:sand":1,"minecraft:blast_furnace":2,"minecraft:crafting_table":3,"minecraft:crossbow":35,"minecraft:white_bed":1,"minecraft:diamond_pickaxe":24,"minecraft:apple":1,"minecraft:diamond_shovel":221,"minecraft:dark_oak_log":5,"minecraft:iron_pickaxe":1229,"minecraft:string":1,"minecraft:bread":118,"minecraft:stone_axe":105,"minecraft:pink_bed":1,"minecraft:diamond_sword":320,"minecraft:cobblestone":320,"minecraft:purple_bed":15,"minecraft:white_banner":1,"minecraft:grindstone":5,"minecraft:cooked_porkchop":6,"minecraft:andesite":21,"minecraft:bucket":16,"minecraft:bone_meal":36},"minecraft:broken":{"minecraft:stone_sword":1,"minecraft:stone_pickaxe":1,"minecraft:stone_axe":1,"minecraft:iron_sword":1,"minecraft:iron_pickaxe":5,"minecraft:iron_helmet":1},"minecraft:custom":{"minecraft:mob_kills":130,"minecraft:interact_with_crafting_table":68,"minecraft:interact_with_campfire":5,"minecraft:bell_ring":19,"minecraft:leave_game":20,"minecraft:time_since_death":431770,"minecraft:climb_one_cm":2984,"minecraft:sprint_one_cm":1548135,"minecraft:walk_one_cm":789413,"minecraft:damage_blocked_by_shield":1935,"minecraft:drop":118,"minecraft:talked_to_villager":75,"minecraft:play_time":502747,"minecraft:sneak_time":15310,"minecraft:deaths":2,"minecraft:walk_under_water_one_cm":59631,"minecraft:boat_one_cm":581619,"minecraft:jump":11810,"minecraft:interact_with_blast_furnace":1,"minecraft:walk_on_water_one_cm":81753,"minecraft:total_world_time":502747,"minecraft:interact_with_furnace":87,"minecraft:traded_with_villager":124,"minecraft:interact_with_grindstone":5,"minecraft:sleep_in_bed":27,"minecraft:time_since_rest":2202,"minecraft:damage_taken":5357,"minecraft:damage_dealt":23592,"minecraft:player_kills":1,"minecraft:swim_one_cm":197809,"minecraft:fly_one_cm":2291650,"minecraft:open_chest":262,"minecraft:crouch_one_cm":37450,"minecraft:fall_one_cm":346394},"minecraft:killed_by":{"minecraft:player":1},"minecraft:killed":{"minecraft:witch":1,"minecraft:spider":14,"minecraft:skeleton":30,"minecraft:drowned":1,"minecraft:pig":2,"minecraft:zombie_villager":1,"minecraft:creeper":2,"minecraft:sheep":3,"minecraft:trader_llama":2,"minecraft:pillager":3,"minecraft:zombie":52,"minecraft:player":1,"minecraft:enderman":8,"minecraft:cow":6},"minecraft:mined":{"minecraft:tuff":3,"minecraft:white_bed":1,"minecraft:farmland":1,"minecraft:deepslate_diamond_ore":31,"minecraft:dark_oak_log":3,"minecraft:cave_vines_plant":1,"minecraft:dark_oak_fence":6,"minecraft:granite":7,"minecraft:budding_amethyst":4,"minecraft:acacia_log":4,"minecraft:grass_block":155,"minecraft:jungle_planks":1,"minecraft:spruce_leaves":3,"minecraft:composter":1,"minecraft:moss_block":6,"minecraft:kelp":2,"minecraft:tall_seagrass":1,"minecraft:carrots":9,"minecraft:iron_ore":115,"minecraft:fire":1,"minecraft:andesite":38,"minecraft:deepslate_lapis_ore":7,"minecraft:fletching_table":2,"minecraft:azure_bluet":1,"minecraft:bell":1,"minecraft:potatoes":18,"minecraft:cave_vines":2,"minecraft:deepslate_iron_ore":23,"minecraft:bamboo_sapling":9,"minecraft:bamboo":268,"minecraft:stone":388,"minecraft:iron_block":8,"minecraft:tripwire":1,"minecraft:deepslate_redstone_ore":4,"minecraft:acacia_leaves":40,"minecraft:kelp_plant":4,"minecraft:amethyst_cluster":2,"minecraft:dandelion":3,"minecraft:cornflower":1,"minecraft:crafting_table":4,"minecraft:blast_furnace":2,"minecraft:calcite":20,"minecraft:melon":6,"minecraft:chest":1,"minecraft:rose_bush":18,"minecraft:copper_ore":1,"minecraft:tall_grass":33,"minecraft:glass":5,"minecraft:cobblestone":78,"minecraft:deepslate_gold_ore":4,"minecraft:lapis_ore":7,"minecraft:grindstone":5,"minecraft:sugar_cane":19,"minecraft:amethyst_block":13,"minecraft:diorite":5,"minecraft:deepslate_copper_ore":1,"minecraft:purple_bed":15,"minecraft:sweet_berry_bush":18,"minecraft:wheat":10,"minecraft:lilac":10,"minecraft:birch_leaves":2,"minecraft:white_wall_banner":1,"minecraft:grass":66,"minecraft:coal_ore":540,"minecraft:oak_log":52,"minecraft:dirt":69,"minecraft:sand":39,"minecraft:cobweb":1,"minecraft:smooth_basalt":1,"minecraft:deepslate":89,"minecraft:mossy_stone_bricks":1,"minecraft:oak_leaves":16,"minecraft:fern":5}},"DataVersion":3465}