{"stats":{"minecraft:broken":{"minecraft:stone_pickaxe":1,"minecraft:stone_sword":1},"minecraft:custom":{"minecraft:interact_with_furnace":22,"minecraft:mob_kills":34,"minecraft:traded_with_villager":5,"minecraft:interact_with_crafting_table":27,"minecraft:interact_with_campfire":5,"minecraft:bell_ring":13,"minecraft:interact_with_grindstone":3,"minecraft:leave_game":3,"minecraft:time_since_death":112428,"minecraft:sleep_in_bed":11,"minecraft:time_since_rest":834,"minecraft:sprint_one_cm":572993,"minecraft:damage_taken":2098,"minecraft:walk_one_cm":253005,"minecraft:damage_blocked_by_shield":340,"minecraft:drop":44,"minecraft:damage_dealt":5336,"minecraft:swim_one_cm":119391,"minecraft:talked_to_villager":16,"minecraft:fly_one_cm":989184,"minecraft:open_chest":52,"minecraft:play_time":183405,"minecraft:crouch_one_cm":9078,"minecraft:deaths":2,"minecraft:sneak_time":3980,"minecraft:walk_under_water_one_cm":16673,"minecraft:boat_one_cm":286108,"minecraft:jump":4235,"minecraft:walk_on_water_one_cm":24784,"minecraft:total_world_time":183405,"minecraft:fall_one_cm":146547},"minecraft:killed_by":{"minecraft:player":1},"minecraft:killed":{"minecraft:pig":2,"minecraft:spider":4,"minecraft:skeleton":6,"minecraft:sheep":3,"minecraft:pillager":3,"minecraft:zombie":7,"minecraft:drowned":1,"minecraft:cow":6},"minecraft:mined":{"minecraft:acacia_leaves":40,"minecraft:kelp_plant":4,"minecraft:dark_oak_log":3,"minecraft:crafting_table":3,"minecraft:dark_oak_fence":6,"minecraft:acacia_log":4,"minecraft:grass_block":9,"minecraft:jungle_planks":1,"minecraft:chest":1,"minecraft:tall_grass":23,"minecraft:cobblestone":6,"minecraft:spruce_leaves":3,"minecraft:grindstone":2,"minecraft:sugar_cane":18,"minecraft:kelp":2,"minecraft:tall_seagrass":1,"minecraft:purple_bed":14,"minecraft:carrots":9,"minecraft:iron_ore":64,"minecraft:fire":1,"minecraft:wheat":10,"minecraft:sweet_berry_bush":18,"minecraft:birch_leaves":1,"minecraft:bell":1,"minecraft:grass":11,"minecraft:potatoes":2,"minecraft:oak_log":6,"minecraft:coal_ore":121,"minecraft:dirt":16,"minecraft:cobweb":1,"minecraft:stone":150,"minecraft:oak_leaves":5,"minecraft:mossy_stone_bricks":1,"minecraft:fern":2},"minecraft:used":{"minecraft:wheat_seeds":9,"minecraft:stone_sword":145,"minecraft:stone_pickaxe":133,"minecraft:poppy":2,"minecraft:shield":14,"minecraft:chest":3,"minecraft:wooden_pickaxe":34,"minecraft:bell":1,"minecraft:rotten_flesh":3,"minecraft:iron_chestplate":1,"minecraft:dirt":26,"minecraft:mutton":3,"minecraft:crafting_table":2,"minecraft:crossbow":6,"minecraft:fern":1,"minecraft:apple":1,"minecraft:iron_pickaxe":181,"minecraft:dark_oak_log":5,"minecraft:bread":33,"minecraft:iron_helmet":1,"minecraft:stone_axe":21,"minecraft:cobblestone":56,"minecraft:bow":2,"minecraft:beef":5,"minecraft:purple_bed":14,"minecraft:sweet_berries":46,"minecraft:white_banner":1,"minecraft:grindstone":2,"minecraft:furnace":2,"minecraft:cooked_porkchop":5,"minecraft:egg":1},"minecraft:picked_up":{"minecraft:crafting_table":2,"minecraft:wheat":10,"minecraft:leather":2,"minecraft:potato":2,"minecraft:oak_log":6,"minecraft:string":7,"minecraft:dirt":41,"minecraft:white_banner":2,"minecraft:compass":1,"minecraft:bone":6,"minecraft:kelp":7,"minecraft:bow":1,"minecraft:wheat_seeds":41,"minecraft:bell":1,"minecraft:grindstone":2,"minecraft:beef":13,"minecraft:poppy":2,"minecraft:sugar_cane":35,"minecraft:chest":1,"minecraft:acacia_sapling":4,"minecraft:egg":1,"minecraft:stick":1,"minecraft:raw_iron":65,"minecraft:cooked_porkchop":5,"minecraft:sweet_berries":60,"minecraft:acacia_log":4,"minecraft:porkchop":5,"minecraft:jungle_planks":1,"minecraft:spruce_sapling":1,"minecraft:carrot":9,"minecraft:dark_oak_log":5,"minecraft:spider_eye":3,"minecraft:arrow":7,"minecraft:purple_bed":14,"minecraft:rotten_flesh":14,"naturescompass:naturescompass":1,"minecraft:bread":104,"minecraft:oak_sapling":1,"minecraft:dark_oak_fence":12,"minecraft:black_wool":1,"minecraft:obsidian":2,"minecraft:mutton":3,"minecraft:coal":121,"minecraft:white_wool":2,"minecraft:cobblestone":156},"minecraft:dropped":{"naturescompass:naturescompass":2,"minecraft:kelp":7,"minecraft:sweet_berries":21,"minecraft:wheat_seeds":32,"minecraft:wheat":2,"minecraft:crossbow":1,"minecraft:iron_helmet":1,"minecraft:rotten_flesh":2,"minecraft:iron_boots":1,"minecraft:stick":1,"minecraft:filled_map":2,"minecraft:dirt":15,"minecraft:shield":1,"minecraft:dark_oak_fence":12,"minecraft:iron_chestplate":1,"minecraft:oak_sapling":2,"minecraft:iron_leggings":1,"minecraft:white_banner":1,"minecraft:wooden_pickaxe":1,"minecraft:spruce_sapling":2},"minecraft:crafted":{"minecraft:oak_planks":24,"minecraft:emerald":5,"minecraft:spruce_planks":24,"minecraft:iron_helmet":1,"minecraft:wooden_pickaxe":1,"minecraft:furnace":2,"minecraft:stone_axe":1,"minecraft:bread":3,"minecraft:air":0,"minecraft:iron_boots":2,"minecraft:shield":2,"naturescompass:naturescompass":1,"minecraft:stick":12,"minecraft:iron_ingot":22,"minecraft:iron_pickaxe":1,"minecraft:stone_pickaxe":1,"minecraft:chest":2,"minecraft:stone_sword":1,"minecraft:iron_leggings":1}},"DataVersion":3465}