{"stats":{"minecraft:custom":{"minecraft:mob_kills":11,"minecraft:interact_with_crafting_table":4,"minecraft:interact_with_campfire":5,"minecraft:leave_game":2,"minecraft:time_since_death":51046,"minecraft:sleep_in_bed":3,"minecraft:time_since_rest":4451,"minecraft:sprint_one_cm":208372,"minecraft:damage_taken":888,"minecraft:walk_one_cm":87536,"minecraft:drop":21,"minecraft:damage_dealt":1689,"minecraft:swim_one_cm":45698,"minecraft:fly_one_cm":268495,"minecraft:open_chest":13,"minecraft:crouch_one_cm":3111,"minecraft:play_time":57449,"minecraft:deaths":1,"minecraft:sneak_time":1958,"minecraft:walk_under_water_one_cm":10926,"minecraft:boat_one_cm":224191,"minecraft:jump":1282,"minecraft:walk_on_water_one_cm":5418,"minecraft:total_world_time":57449,"minecraft:fall_one_cm":40367},"minecraft:killed":{"minecraft:pig":2,"minecraft:sheep":3,"minecraft:skeleton":1,"minecraft:zombie":1,"minecraft:drowned":1,"minecraft:cow":3},"minecraft:mined":{"minecraft:kelp_plant":4,"minecraft:crafting_table":1,"minecraft:grass_block":2,"minecraft:jungle_planks":1,"minecraft:spruce_leaves":3,"minecraft:grindstone":1,"minecraft:sugar_cane":18,"minecraft:kelp":2,"minecraft:purple_bed":5,"minecraft:tall_seagrass":1,"minecraft:carrots":9,"minecraft:iron_ore":5,"minecraft:fire":1,"minecraft:sweet_berry_bush":18,"minecraft:birch_leaves":1,"minecraft:coal_ore":31,"minecraft:potatoes":2,"minecraft:oak_log":6,"minecraft:dirt":10,"minecraft:stone":69,"minecraft:mossy_stone_bricks":1,"minecraft:oak_leaves":5,"minecraft:fern":2},"minecraft:used":{"minecraft:stone_sword":63,"minecraft:stone_pickaxe":76,"minecraft:wooden_pickaxe":34,"minecraft:rotten_flesh":3,"minecraft:iron_chestplate":1,"minecraft:dirt":5,"minecraft:mutton":3,"minecraft:fern":1,"minecraft:bread":3,"minecraft:iron_helmet":1,"minecraft:stone_axe":2,"minecraft:sweet_berries":37,"minecraft:purple_bed":4,"minecraft:cooked_porkchop":4},"minecraft:picked_up":{"minecraft:leather":2,"minecraft:potato":2,"minecraft:oak_log":6,"minecraft:dirt":13,"minecraft:bone":1,"minecraft:kelp":7,"minecraft:wheat_seeds":1,"minecraft:beef":7,"minecraft:grindstone":1,"minecraft:sugar_cane":35,"minecraft:raw_iron":6,"minecraft:cooked_porkchop":5,"minecraft:sweet_berries":60,"minecraft:jungle_planks":1,"minecraft:porkchop":5,"minecraft:carrot":9,"minecraft:purple_bed":5,"minecraft:rotten_flesh":4,"minecraft:bread":1,"minecraft:oak_sapling":1,"minecraft:black_wool":1,"minecraft:mutton":3,"minecraft:coal":32,"minecraft:white_wool":2,"minecraft:cobblestone":68},"minecraft:dropped":{"minecraft:sweet_berries":21,"minecraft:kelp":7,"minecraft:wheat_seeds":1,"minecraft:rotten_flesh":1,"minecraft:stick":1,"minecraft:filled_map":2,"minecraft:iron_chestplate":1,"minecraft:oak_sapling":2,"minecraft:wooden_pickaxe":1},"minecraft:crafted":{"minecraft:oak_planks":24,"minecraft:wooden_pickaxe":1,"minecraft:stone_axe":1,"minecraft:stick":8,"minecraft:stone_pickaxe":1,"minecraft:stone_sword":1}},"DataVersion":3465}