{"stats":{"minecraft:killed_by":{"minecraft:player":1},"minecraft:killed":{"minecraft:witch":1,"minecraft:spider":14,"minecraft:skeleton":36,"minecraft:silverfish":2,"minecraft:piglin_brute":3,"minecraft:magma_cube":74,"minecraft:piglin":10,"minecraft:pig":2,"minecraft:zombie_villager":1,"minecraft:creeper":3,"minecraft:sheep":3,"minecraft:trader_llama":2,"minecraft:pillager":4,"minecraft:zombie":62,"minecraft:ghast":2,"minecraft:cow":6,"minecraft:blaze":21,"minecraft:slime":13,"minecraft:drowned":1,"minecraft:hoglin":1,"minecraft:player":1,"minecraft:enderman":22},"minecraft:used":{"minecraft:poppy":2,"minecraft:diamond_hoe":333,"minecraft:polished_basalt":5,"minecraft:chest":5,"minecraft:shield":85,"minecraft:iron_sword":257,"minecraft:bell":1,"minecraft:rotten_flesh":3,"minecraft:iron_chestplate":1,"minecraft:mutton":3,"minecraft:carrot":74,"minecraft:tuff":1,"minecraft:obsidian":10,"minecraft:glass":14,"minecraft:warped_nylium":2,"minecraft:iron_helmet":1,"minecraft:bow":2,"minecraft:sweet_berries":46,"minecraft:furnace":2,"minecraft:egg":2,"minecraft:potato":117,"minecraft:mossy_stone_bricks":6,"minecraft:stone_pickaxe":133,"minecraft:oak_planks":65,"minecraft:blackstone":1,"minecraft:wooden_pickaxe":34,"minecraft:sugar_cane":38,"minecraft:diamond_axe":273,"minecraft:glow_berries":1,"minecraft:sand":1,"minecraft:blast_furnace":2,"minecraft:crossbow":40,"minecraft:dark_oak_log":5,"minecraft:string":1,"minecraft:bread":119,"minecraft:nether_wart_block":4,"minecraft:diamond_sword":686,"minecraft:grindstone":5,"minecraft:andesite":21,"minecraft:bone_meal":225,"minecraft:oak_trapdoor":2,"minecraft:stone_sword":145,"minecraft:flint_and_steel":1,"minecraft:netherrack":359,"minecraft:dirt":100,"minecraft:granite":4,"minecraft:fern":1,"minecraft:iron_block":8,"minecraft:smooth_basalt":2,"minecraft:bamboo":1,"minecraft:basalt":2,"minecraft:beef":5,"minecraft:cobbled_deepslate":49,"minecraft:wheat_seeds":9,"minecraft:cooked_mutton":17,"minecraft:water_bucket":17,"minecraft:baked_potato":45,"minecraft:fletching_table":4,"minecraft:gilded_blackstone":3,"minecraft:crafting_table":3,"minecraft:white_bed":1,"minecraft:ender_eye":17,"minecraft:diamond_pickaxe":1330,"minecraft:apple":7,"minecraft:diamond_shovel":250,"minecraft:cracked_polished_blackstone_bricks":22,"minecraft:iron_pickaxe":1229,"minecraft:stone_axe":105,"minecraft:pink_bed":1,"minecraft:cobblestone":334,"minecraft:purple_bed":15,"minecraft:white_banner":1,"minecraft:cooked_porkchop":7,"minecraft:bucket":18,"minecraft:stripped_oak_log":1},"minecraft:broken":{"minecraft:stone_pickaxe":1,"minecraft:stone_axe":1,"minecraft:iron_sword":1,"minecraft:stone_sword":1,"minecraft:iron_pickaxe":5,"minecraft:iron_helmet":1},"minecraft:mined":{"minecraft:white_bed":1,"minecraft:farmland":1,"minecraft:obsidian":1,"minecraft:cave_vines_plant":1,"minecraft:granite":46,"minecraft:budding_amethyst":4,"minecraft:acacia_log":4,"minecraft:grass_block":165,"minecraft:cracked_polished_blackstone_bricks":19,"minecraft:soul_soil":10,"minecraft:composter":1,"minecraft:spawner":2,"minecraft:polished_blackstone_bricks":39,"minecraft:tall_seagrass":1,"minecraft:glowstone":9,"minecraft:cobbled_deepslate":4,"minecraft:iron_ore":115,"minecraft:fire":127,"minecraft:fletching_table":2,"minecraft:deepslate_lapis_ore":7,"minecraft:azure_bluet":1,"minecraft:cave_vines":2,"minecraft:iron_block":8,"minecraft:tripwire":1,"minecraft:deepslate_redstone_ore":17,"minecraft:blackstone":4,"minecraft:kelp_plant":4,"minecraft:crimson_nylium":3,"minecraft:soul_fire":18,"minecraft:amethyst_cluster":2,"minecraft:blast_furnace":2,"minecraft:calcite":20,"minecraft:melon":6,"minecraft:chest":1,"minecraft:glass":5,"minecraft:cobblestone":79,"minecraft:grindstone":5,"minecraft:sugar_cane":19,"minecraft:oak_planks":4,"minecraft:amethyst_block":13,"minecraft:deepslate_copper_ore":1,"minecraft:warped_nylium":3,"minecraft:nether_wart_block":1,"minecraft:wheat":10,"minecraft:lilac":10,"minecraft:grass":68,"minecraft:oak_log":239,"minecraft:sand":39,"minecraft:dirt":76,"minecraft:smooth_basalt":1,"minecraft:ancient_debris":1,"minecraft:netherrack":617,"minecraft:oak_leaves":53,"minecraft:deepslate":301,"minecraft:diamond_ore":1,"minecraft:tuff":4,"minecraft:deepslate_diamond_ore":31,"minecraft:dark_oak_log":3,"minecraft:nether_bricks":3,"minecraft:dark_oak_fence":6,"minecraft:jungle_planks":1,"minecraft:crimson_roots":1,"minecraft:spruce_leaves":3,"minecraft:kelp":2,"minecraft:moss_block":6,"minecraft:carrots":65,"minecraft:polished_basalt":5,"minecraft:andesite":40,"minecraft:bell":1,"minecraft:nether_brick_fence":22,"minecraft:potatoes":39,"minecraft:rail":2,"minecraft:deepslate_iron_ore":23,"minecraft:lantern":2,"minecraft:stripped_oak_log":2,"minecraft:bamboo_sapling":9,"minecraft:bamboo":268,"minecraft:stone":577,"minecraft:bone_block":61,"minecraft:acacia_leaves":40,"minecraft:infested_stone_bricks":2,"minecraft:basalt":3,"minecraft:dandelion":3,"minecraft:crafting_table":4,"minecraft:cornflower":1,"minecraft:warped_roots":1,"minecraft:rose_bush":18,"minecraft:tall_grass":35,"minecraft:copper_ore":1,"minecraft:lapis_ore":11,"minecraft:deepslate_gold_ore":4,"minecraft:diorite":5,"minecraft:purple_bed":15,"minecraft:sweet_berry_bush":18,"minecraft:birch_leaves":2,"minecraft:white_wall_banner":1,"minecraft:coal_ore":544,"minecraft:gravel":12,"minecraft:cobweb":1,"minecraft:cracked_stone_bricks":6,"minecraft:stone_bricks":12,"minecraft:mossy_stone_bricks":7,"minecraft:fern":5},"minecraft:custom":{"minecraft:interact_with_crafting_table":71,"minecraft:bell_ring":19,"minecraft:leave_game":23,"minecraft:time_since_death":86207,"minecraft:sprint_one_cm":1920962,"minecraft:damage_blocked_by_shield":2450,"minecraft:drop":156,"minecraft:talked_to_villager":86,"minecraft:play_time":654319,"minecraft:deaths":3,"minecraft:jump":15073,"minecraft:walk_on_water_one_cm":96412,"minecraft:interact_with_furnace":97,"minecraft:traded_with_villager":182,"minecraft:sleep_in_bed":33,"minecraft:damage_dealt":41977,"minecraft:player_kills":1,"minecraft:crouch_one_cm":63614,"minecraft:mob_kills":293,"minecraft:interact_with_campfire":5,"minecraft:climb_one_cm":3578,"minecraft:walk_one_cm":1244797,"minecraft:sneak_time":23013,"minecraft:walk_under_water_one_cm":61196,"minecraft:boat_one_cm":581619,"minecraft:interact_with_blast_furnace":1,"minecraft:total_world_time":654319,"minecraft:interact_with_grindstone":5,"minecraft:time_since_rest":26515,"minecraft:damage_taken":7987,"minecraft:swim_one_cm":198729,"minecraft:fly_one_cm":2807671,"minecraft:open_chest":310,"minecraft:fall_one_cm":443131},"minecraft:crafted":{"minecraft:oak_planks":960,"minecraft:chainmail_helmet":4,"minecraft:pink_bed":1,"minecraft:blaze_powder":11,"minecraft:diamond_shovel":1,"minecraft:cooked_mutton":17,"minecraft:glass":37,"minecraft:diamond_helmet":2,"minecraft:diamond_leggings":2,"minecraft:bow":1,"minecraft:iron_boots":2,"minecraft:chest":4,"minecraft:ender_eye":12,"minecraft:emerald":137,"minecraft:cooked_porkchop":1,"minecraft:diamond_axe":1,"minecraft:spruce_planks":24,"minecraft:iron_helmet":2,"minecraft:wooden_pickaxe":1,"minecraft:baked_potato":50,"minecraft:fletching_table":2,"minecraft:diamond_pickaxe":1,"minecraft:pink_wool":3,"minecraft:shield":4,"naturescompass:naturescompass":1,"minecraft:stick":3083,"minecraft:iron_pickaxe":5,"minecraft:iron_ingot":127,"minecraft:stone_sword":1,"minecraft:gold_ingot":4,"minecraft:diamond_hoe":1,"minecraft:furnace":2,"minecraft:bone_meal":225,"minecraft:pink_dye":3,"minecraft:flint_and_steel":1,"minecraft:oak_trapdoor":2,"minecraft:iron_axe":9,"minecraft:stone_pickaxe":1,"minecraft:diamond_boots":2,"minecraft:chainmail_leggings":12,"minecraft:diamond_sword":1,"minecraft:iron_sword":1,"minecraft:bucket":1,"minecraft:stone_axe":1,"minecraft:bread":3,"minecraft:air":0,"minecraft:chainmail_boots":12,"minecraft:iron_leggings":1,"minecraft:diamond_chestplate":2},"minecraft:picked_up":{"minecraft:wheat":10,"minecraft:chainmail_boots":3,"minecraft:nether_brick_fence":19,"minecraft:lead":2,"minecraft:gilded_blackstone":23,"minecraft:golden_sword":1,"minecraft:amethyst_block":14,"minecraft:string":16,"minecraft:raw_copper":7,"minecraft:soul_soil":10,"minecraft:cobbled_deepslate":301,"minecraft:bucket":1,"minecraft:rose_bush":14,"minecraft:ender_eye":6,"minecraft:calcite":23,"minecraft:netherite_upgrade_smithing_template":1,"minecraft:iron_pickaxe":1,"minecraft:melon_slice":32,"minecraft:stick":2,"minecraft:composter":1,"minecraft:acacia_log":4,"minecraft:porkchop":7,"minecraft:diorite":5,"minecraft:rotten_flesh":63,"minecraft:polished_basalt":5,"minecraft:iron_block":8,"minecraft:blaze_rod":13,"minecraft:obsidian":3,"minecraft:cobblestone":655,"minecraft:pink_petals":41,"minecraft:lilac":9,"minecraft:magma_cream":5,"minecraft:andesite":43,"minecraft:potato":173,"minecraft:flint":1,"minecraft:tuff":10,"minecraft:lapis_lazuli":148,"minecraft:dirt":249,"minecraft:lantern":2,"minecraft:bone":31,"minecraft:bow":5,"minecraft:wheat_seeds":50,"minecraft:raw_gold":4,"minecraft:bell":1,"minecraft:grindstone":6,"minecraft:mossy_stone_bricks":6,"minecraft:glowstone_dust":19,"minecraft:fletching_table":2,"minecraft:diamond_helmet":1,"minecraft:bamboo":1791,"minecraft:moss_block":5,"minecraft:oak_planks":374,"minecraft:cooked_porkchop":5,"minecraft:jungle_planks":1,"minecraft:sand":38,"minecraft:dark_oak_log":5,"minecraft:diamond":33,"minecraft:cracked_polished_blackstone_bricks":22,"minecraft:granite":47,"minecraft:bread":113,"minecraft:emerald":19,"minecraft:chainmail_helmet":1,"minecraft:oak_sapling":6,"minecraft:dark_oak_fence":12,"minecraft:netherrack":584,"minecraft:crimson_roots":3,"minecraft:crafting_table":3,"minecraft:azure_bluet":1,"minecraft:cornflower":1,"minecraft:moss_carpet":1,"minecraft:netherite_scrap":1,"minecraft:compass":1,"minecraft:blackstone":3,"minecraft:cracked_stone_bricks":6,"minecraft:beef":13,"minecraft:poppy":2,"minecraft:sugar_cane":40,"minecraft:chest":1,"minecraft:egg":2,"minecraft:raw_iron":145,"minecraft:polished_blackstone_bricks":38,"minecraft:carrot":208,"minecraft:redstone":77,"minecraft:arrow":40,"minecraft:diamond_chestplate":1,"minecraft:nether_bricks":3,"minecraft:diamond_boots":2,"minecraft:glow_berries":1,"minecraft:mutton":3,"minecraft:rail":2,"minecraft:white_wool":2,"minecraft:bone_block":60,"minecraft:stripped_oak_log":2,"minecraft:basalt":3,"minecraft:glow_ink_sac":3,"minecraft:leather":3,"minecraft:oak_log":239,"minecraft:ancient_debris":1,"minecraft:nether_wart_block":4,"minecraft:yellow_bed":1,"minecraft:gunpowder":1,"minecraft:white_banner":3,"minecraft:stone_bricks":12,"minecraft:kelp":7,"minecraft:iron_ingot":34,"minecraft:soul_sand":5,"minecraft:acacia_sapling":4,"minecraft:dark_oak_stairs":1,"minecraft:smooth_basalt":2,"minecraft:sweet_berries":60,"minecraft:dandelion":3,"minecraft:gravel":13,"minecraft:amethyst_shard":16,"minecraft:spruce_sapling":1,"minecraft:blast_furnace":2,"minecraft:white_bed":1,"minecraft:spider_eye":6,"minecraft:purple_bed":15,"minecraft:slime_ball":9,"minecraft:chainmail_leggings":2,"naturescompass:naturescompass":1,"minecraft:warped_roots":1,"minecraft:black_wool":1,"minecraft:warped_nylium":3,"minecraft:coal":554,"minecraft:ender_pearl":9},"minecraft:dropped":{"naturescompass:naturescompass":2,"minecraft:soul_sand":5,"minecraft:dark_oak_stairs":1,"minecraft:moss_block":5,"minecraft:lapis_lazuli":26,"minecraft:crossbow":1,"minecraft:warped_roots":1,"minecraft:dirt":80,"minecraft:dark_oak_fence":12,"minecraft:cornflower":1,"minecraft:crimson_roots":3,"minecraft:iron_pickaxe":1,"minecraft:gravel":2,"minecraft:sugar_cane":2,"minecraft:iron_nugget":6,"minecraft:wheat":2,"minecraft:rotten_flesh":12,"minecraft:grindstone":1,"minecraft:oak_planks":28,"minecraft:nether_brick_fence":19,"minecraft:azure_bluet":1,"minecraft:chainmail_boots":14,"minecraft:arrow":5,"minecraft:netherrack":197,"minecraft:wheat_seeds":35,"minecraft:diamond_leggings":1,"minecraft:iron_helmet":3,"minecraft:chainmail_helmet":5,"minecraft:stick":1,"minecraft:milk_bucket":1,"minecraft:diorite":4,"minecraft:diamond_helmet":1,"minecraft:iron_leggings":3,"minecraft:white_banner":1,"minecraft:iron_axe":9,"minecraft:chainmail_leggings":14,"minecraft:spruce_sapling":2,"minecraft:dandelion":3,"minecraft:moss_carpet":1,"minecraft:kelp":7,"minecraft:sweet_berries":21,"minecraft:warped_nylium":1,"minecraft:soul_soil":10,"minecraft:raw_copper":6,"minecraft:raw_iron":2,"minecraft:iron_boots":3,"minecraft:ender_eye":1,"minecraft:nether_bricks":3,"minecraft:filled_map":2,"minecraft:shield":1,"minecraft:diamond_chestplate":1,"minecraft:iron_chestplate":3,"minecraft:oak_sapling":3,"minecraft:golden_sword":1,"minecraft:bamboo":192,"minecraft:diamond_boots":1,"minecraft:bow":2,"minecraft:wooden_pickaxe":1}},"DataVersion":3465}