{"stats":{"minecraft:custom":{"minecraft:mob_kills":17,"minecraft:interact_with_crafting_table":8,"minecraft:interact_with_campfire":5,"minecraft:leave_game":2,"minecraft:time_since_death":40472,"minecraft:sleep_in_bed":7,"minecraft:time_since_rest":7265,"minecraft:sprint_one_cm":442839,"minecraft:damage_taken":1802,"minecraft:walk_one_cm":146857,"minecraft:drop":35,"minecraft:damage_dealt":2457,"minecraft:swim_one_cm":111655,"minecraft:fly_one_cm":844236,"minecraft:open_chest":22,"minecraft:crouch_one_cm":5278,"minecraft:play_time":111449,"minecraft:deaths":2,"minecraft:sneak_time":2684,"minecraft:walk_under_water_one_cm":13431,"minecraft:boat_one_cm":286108,"minecraft:jump":3420,"minecraft:walk_on_water_one_cm":10018,"minecraft:total_world_time":111449,"minecraft:fall_one_cm":129750},"minecraft:killed_by":{"minecraft:player":1},"minecraft:killed":{"minecraft:pig":2,"minecraft:sheep":3,"minecraft:skeleton":1,"minecraft:pillager":3,"minecraft:zombie":1,"minecraft:drowned":1,"minecraft:cow":6},"minecraft:mined":{"minecraft:acacia_leaves":40,"minecraft:kelp_plant":4,"minecraft:dark_oak_log":3,"minecraft:crafting_table":2,"minecraft:dark_oak_fence":6,"minecraft:acacia_log":4,"minecraft:grass_block":8,"minecraft:jungle_planks":1,"minecraft:chest":1,"minecraft:tall_grass":16,"minecraft:spruce_leaves":3,"minecraft:grindstone":1,"minecraft:sugar_cane":18,"minecraft:kelp":2,"minecraft:purple_bed":14,"minecraft:tall_seagrass":1,"minecraft:carrots":9,"minecraft:wheat":1,"minecraft:iron_ore":17,"minecraft:fire":1,"minecraft:sweet_berry_bush":18,"minecraft:birch_leaves":1,"minecraft:grass":6,"minecraft:coal_ore":31,"minecraft:potatoes":2,"minecraft:oak_log":6,"minecraft:dirt":14,"minecraft:stone":70,"minecraft:mossy_stone_bricks":1,"minecraft:oak_leaves":5,"minecraft:fern":2},"minecraft:used":{"minecraft:stone_sword":83,"minecraft:stone_pickaxe":89,"minecraft:poppy":2,"minecraft:chest":3,"minecraft:wooden_pickaxe":34,"minecraft:rotten_flesh":3,"minecraft:iron_chestplate":1,"minecraft:dirt":23,"minecraft:mutton":3,"minecraft:crafting_table":1,"minecraft:crossbow":5,"minecraft:fern":1,"minecraft:apple":1,"minecraft:dark_oak_log":5,"minecraft:bread":21,"minecraft:iron_helmet":1,"minecraft:stone_axe":18,"minecraft:beef":5,"minecraft:sweet_berries":46,"minecraft:purple_bed":14,"minecraft:white_banner":1,"minecraft:cooked_porkchop":5},"minecraft:picked_up":{"minecraft:crafting_table":1,"minecraft:wheat":1,"minecraft:leather":2,"minecraft:potato":2,"minecraft:oak_log":6,"minecraft:dirt":38,"minecraft:white_banner":2,"minecraft:compass":1,"minecraft:bone":1,"minecraft:kelp":7,"minecraft:wheat_seeds":3,"minecraft:beef":13,"minecraft:grindstone":1,"minecraft:poppy":2,"minecraft:sugar_cane":35,"minecraft:chest":1,"minecraft:acacia_sapling":4,"minecraft:stick":1,"minecraft:raw_iron":18,"minecraft:cooked_porkchop":5,"minecraft:sweet_berries":60,"minecraft:acacia_log":4,"minecraft:jungle_planks":1,"minecraft:porkchop":5,"minecraft:spruce_sapling":1,"minecraft:carrot":9,"minecraft:dark_oak_log":5,"minecraft:purple_bed":14,"minecraft:rotten_flesh":4,"naturescompass:naturescompass":1,"minecraft:bread":104,"minecraft:obsidian":2,"minecraft:oak_sapling":1,"minecraft:dark_oak_fence":12,"minecraft:black_wool":1,"minecraft:mutton":3,"minecraft:coal":32,"minecraft:white_wool":2,"minecraft:cobblestone":69},"minecraft:dropped":{"naturescompass:naturescompass":2,"minecraft:sweet_berries":21,"minecraft:kelp":7,"minecraft:wheat_seeds":3,"minecraft:wheat":2,"minecraft:crossbow":1,"minecraft:rotten_flesh":2,"minecraft:stick":1,"minecraft:filled_map":2,"minecraft:dirt":15,"minecraft:dark_oak_fence":12,"minecraft:iron_chestplate":1,"minecraft:oak_sapling":2,"minecraft:white_banner":1,"minecraft:wooden_pickaxe":1,"minecraft:spruce_sapling":2},"minecraft:crafted":{"minecraft:oak_planks":24,"minecraft:wooden_pickaxe":1,"minecraft:stone_axe":1,"minecraft:bread":3,"naturescompass:naturescompass":1,"minecraft:stick":8,"minecraft:stone_pickaxe":1,"minecraft:stone_sword":1,"minecraft:chest":2}},"DataVersion":3465}