{"stats":{"minecraft:custom":{"minecraft:time_since_rest":9803,"minecraft:sprint_one_cm":133497,"minecraft:damage_taken":749,"minecraft:walk_one_cm":66047,"minecraft:mob_kills":8,"minecraft:drop":19,"minecraft:damage_dealt":1389,"minecraft:swim_one_cm":39209,"minecraft:interact_with_crafting_table":4,"minecraft:fly_one_cm":88202,"minecraft:open_chest":12,"minecraft:crouch_one_cm":769,"minecraft:play_time":34370,"minecraft:deaths":1,"minecraft:interact_with_campfire":5,"minecraft:sneak_time":980,"minecraft:walk_under_water_one_cm":7496,"minecraft:boat_one_cm":85953,"minecraft:jump":482,"minecraft:sleep_in_bed":1,"minecraft:leave_game":2,"minecraft:time_since_death":27967,"minecraft:walk_on_water_one_cm":4499,"minecraft:total_world_time":34370,"minecraft:fall_one_cm":12446},"minecraft:killed":{"minecraft:sheep":3,"minecraft:skeleton":1,"minecraft:zombie":1,"minecraft:pig":2,"minecraft:drowned":1},"minecraft:mined":{"minecraft:tall_seagrass":1,"minecraft:purple_bed":3,"minecraft:kelp_plant":4,"minecraft:fire":1,"minecraft:sweet_berry_bush":14,"minecraft:birch_leaves":1,"minecraft:crafting_table":1,"minecraft:jungle_planks":1,"minecraft:grass_block":1,"minecraft:oak_log":6,"minecraft:dirt":10,"minecraft:spruce_leaves":3,"minecraft:stone":62,"minecraft:grindstone":1,"minecraft:kelp":2,"minecraft:sugar_cane":13,"minecraft:mossy_stone_bricks":1,"minecraft:oak_leaves":5,"minecraft:fern":2},"minecraft:used":{"minecraft:stone_sword":53,"minecraft:stone_pickaxe":32,"minecraft:bread":3,"minecraft:iron_helmet":1,"minecraft:wooden_pickaxe":34,"minecraft:rotten_flesh":3,"minecraft:stone_axe":2,"minecraft:iron_chestplate":1,"minecraft:mutton":3,"minecraft:purple_bed":2,"minecraft:sweet_berries":12,"minecraft:cooked_porkchop":2,"minecraft:fern":1},"minecraft:picked_up":{"minecraft:cooked_porkchop":5,"minecraft:sweet_berries":60,"minecraft:jungle_planks":1,"minecraft:porkchop":5,"minecraft:oak_log":6,"minecraft:dirt":12,"minecraft:bone":1,"minecraft:purple_bed":3,"minecraft:rotten_flesh":3,"minecraft:kelp":7,"minecraft:wheat_seeds":1,"minecraft:grindstone":1,"minecraft:bread":1,"minecraft:oak_sapling":1,"minecraft:black_wool":1,"minecraft:sugar_cane":30,"minecraft:mutton":3,"minecraft:white_wool":2,"minecraft:cobblestone":62},"minecraft:dropped":{"minecraft:kelp":7,"minecraft:sweet_berries":21,"minecraft:wheat_seeds":1,"minecraft:iron_chestplate":1,"minecraft:oak_sapling":2,"minecraft:rotten_flesh":1,"minecraft:wooden_pickaxe":1,"minecraft:stick":1},"minecraft:crafted":{"minecraft:oak_planks":24,"minecraft:stick":8,"minecraft:wooden_pickaxe":1,"minecraft:stone_pickaxe":1,"minecraft:stone_sword":1,"minecraft:stone_axe":1}},"DataVersion":3465}