{"stats":{"minecraft:custom":{"minecraft:mob_kills":11,"minecraft:interact_with_crafting_table":4,"minecraft:interact_with_campfire":5,"minecraft:leave_game":2,"minecraft:time_since_death":39046,"minecraft:sleep_in_bed":2,"minecraft:time_since_rest":5514,"minecraft:sprint_one_cm":163659,"minecraft:damage_taken":781,"minecraft:walk_one_cm":77978,"minecraft:drop":21,"minecraft:damage_dealt":1689,"minecraft:swim_one_cm":40919,"minecraft:fly_one_cm":158102,"minecraft:open_chest":13,"minecraft:crouch_one_cm":2197,"minecraft:play_time":45449,"minecraft:deaths":1,"minecraft:sneak_time":1599,"minecraft:walk_under_water_one_cm":10287,"minecraft:boat_one_cm":224191,"minecraft:jump":789,"minecraft:walk_on_water_one_cm":4519,"minecraft:total_world_time":45449,"minecraft:fall_one_cm":23122},"minecraft:killed":{"minecraft:pig":2,"minecraft:sheep":3,"minecraft:skeleton":1,"minecraft:zombie":1,"minecraft:drowned":1,"minecraft:cow":3},"minecraft:mined":{"minecraft:kelp_plant":4,"minecraft:crafting_table":1,"minecraft:grass_block":2,"minecraft:jungle_planks":1,"minecraft:spruce_leaves":3,"minecraft:grindstone":1,"minecraft:sugar_cane":16,"minecraft:kelp":2,"minecraft:purple_bed":3,"minecraft:tall_seagrass":1,"minecraft:carrots":9,"minecraft:fire":1,"minecraft:sweet_berry_bush":18,"minecraft:birch_leaves":1,"minecraft:coal_ore":11,"minecraft:potatoes":2,"minecraft:oak_log":6,"minecraft:dirt":10,"minecraft:stone":62,"minecraft:mossy_stone_bricks":1,"minecraft:oak_leaves":5,"minecraft:fern":2},"minecraft:used":{"minecraft:stone_sword":61,"minecraft:stone_pickaxe":44,"minecraft:wooden_pickaxe":34,"minecraft:rotten_flesh":3,"minecraft:iron_chestplate":1,"minecraft:mutton":3,"minecraft:fern":1,"minecraft:bread":3,"minecraft:iron_helmet":1,"minecraft:stone_axe":2,"minecraft:sweet_berries":34,"minecraft:purple_bed":2,"minecraft:cooked_porkchop":2},"minecraft:picked_up":{"minecraft:leather":2,"minecraft:potato":2,"minecraft:oak_log":6,"minecraft:dirt":13,"minecraft:bone":1,"minecraft:kelp":7,"minecraft:wheat_seeds":1,"minecraft:beef":7,"minecraft:grindstone":1,"minecraft:sugar_cane":34,"minecraft:cooked_porkchop":5,"minecraft:sweet_berries":60,"minecraft:jungle_planks":1,"minecraft:porkchop":5,"minecraft:carrot":9,"minecraft:purple_bed":3,"minecraft:rotten_flesh":3,"minecraft:bread":1,"minecraft:oak_sapling":1,"minecraft:black_wool":1,"minecraft:mutton":3,"minecraft:coal":12,"minecraft:white_wool":2,"minecraft:cobblestone":62},"minecraft:dropped":{"minecraft:sweet_berries":21,"minecraft:kelp":7,"minecraft:wheat_seeds":1,"minecraft:rotten_flesh":1,"minecraft:stick":1,"minecraft:filled_map":2,"minecraft:iron_chestplate":1,"minecraft:oak_sapling":2,"minecraft:wooden_pickaxe":1},"minecraft:crafted":{"minecraft:oak_planks":24,"minecraft:wooden_pickaxe":1,"minecraft:stone_axe":1,"minecraft:stick":8,"minecraft:stone_pickaxe":1,"minecraft:stone_sword":1}},"DataVersion":3465}