{"stats":{"minecraft:custom":{"minecraft:time_since_rest":4359,"minecraft:walk_one_cm":15323,"minecraft:crouch_one_cm":266,"minecraft:play_time":10734,"minecraft:sprint_one_cm":23120,"minecraft:damage_taken":270,"minecraft:deaths":1,"minecraft:sneak_time":70,"minecraft:drop":1,"minecraft:jump":154,"minecraft:time_since_death":4331,"minecraft:total_world_time":10734,"minecraft:interact_with_crafting_table":2,"minecraft:fall_one_cm":6600,"minecraft:fly_one_cm":15982},"minecraft:mined":{"minecraft:grass_block":1,"minecraft:oak_log":6,"minecraft:dirt":10,"minecraft:stone":34,"minecraft:birch_leaves":1,"minecraft:oak_leaves":3},"minecraft:used":{"minecraft:wooden_pickaxe":34},"minecraft:picked_up":{"minecraft:oak_log":6,"minecraft:oak_sapling":1,"minecraft:dirt":12,"minecraft:cobblestone":34},"minecraft:dropped":{"minecraft:wooden_pickaxe":1},"minecraft:crafted":{"minecraft:oak_planks":24,"minecraft:stick":8,"minecraft:stone_pickaxe":1,"minecraft:wooden_pickaxe":1}},"DataVersion":3465}