{"stats":{"minecraft:broken":{"minecraft:stone_pickaxe":1},"minecraft:custom":{"minecraft:interact_with_furnace":16,"minecraft:mob_kills":23,"minecraft:interact_with_crafting_table":26,"minecraft:interact_with_campfire":5,"minecraft:bell_ring":12,"minecraft:interact_with_grindstone":3,"minecraft:leave_game":3,"minecraft:time_since_death":88428,"minecraft:sleep_in_bed":10,"minecraft:time_since_rest":14735,"minecraft:sprint_one_cm":495533,"minecraft:damage_taken":1928,"minecraft:walk_one_cm":208374,"minecraft:damage_blocked_by_shield":55,"minecraft:drop":40,"minecraft:damage_dealt":3631,"minecraft:swim_one_cm":113409,"minecraft:talked_to_villager":12,"minecraft:fly_one_cm":922835,"minecraft:open_chest":49,"minecraft:play_time":159405,"minecraft:crouch_one_cm":7094,"minecraft:deaths":2,"minecraft:sneak_time":3373,"minecraft:walk_under_water_one_cm":15366,"minecraft:boat_one_cm":286108,"minecraft:jump":3809,"minecraft:walk_on_water_one_cm":17983,"minecraft:total_world_time":159405,"minecraft:fall_one_cm":137324},"minecraft:killed_by":{"minecraft:player":1},"minecraft:killed":{"minecraft:pig":2,"minecraft:spider":1,"minecraft:skeleton":2,"minecraft:sheep":3,"minecraft:pillager":3,"minecraft:zombie":4,"minecraft:drowned":1,"minecraft:cow":6},"minecraft:mined":{"minecraft:acacia_leaves":40,"minecraft:kelp_plant":4,"minecraft:dark_oak_log":3,"minecraft:crafting_table":3,"minecraft:dark_oak_fence":6,"minecraft:acacia_log":4,"minecraft:grass_block":8,"minecraft:jungle_planks":1,"minecraft:chest":1,"minecraft:tall_grass":17,"minecraft:cobblestone":4,"minecraft:spruce_leaves":3,"minecraft:grindstone":2,"minecraft:sugar_cane":18,"minecraft:kelp":2,"minecraft:tall_seagrass":1,"minecraft:purple_bed":14,"minecraft:carrots":9,"minecraft:iron_ore":29,"minecraft:fire":1,"minecraft:wheat":1,"minecraft:sweet_berry_bush":18,"minecraft:birch_leaves":1,"minecraft:bell":1,"minecraft:grass":8,"minecraft:potatoes":2,"minecraft:oak_log":6,"minecraft:coal_ore":71,"minecraft:dirt":14,"minecraft:stone":109,"minecraft:oak_leaves":5,"minecraft:mossy_stone_bricks":1,"minecraft:fern":2},"minecraft:used":{"minecraft:stone_sword":109,"minecraft:stone_pickaxe":133,"minecraft:poppy":2,"minecraft:shield":3,"minecraft:chest":3,"minecraft:wooden_pickaxe":34,"minecraft:bell":1,"minecraft:rotten_flesh":3,"minecraft:iron_chestplate":1,"minecraft:dirt":23,"minecraft:mutton":3,"minecraft:crafting_table":2,"minecraft:crossbow":6,"minecraft:fern":1,"minecraft:apple":1,"minecraft:iron_pickaxe":53,"minecraft:dark_oak_log":5,"minecraft:bread":26,"minecraft:iron_helmet":1,"minecraft:stone_axe":19,"minecraft:cobblestone":18,"minecraft:beef":5,"minecraft:purple_bed":14,"minecraft:sweet_berries":46,"minecraft:white_banner":1,"minecraft:grindstone":2,"minecraft:furnace":2,"minecraft:cooked_porkchop":5},"minecraft:picked_up":{"minecraft:crafting_table":2,"minecraft:wheat":1,"minecraft:leather":2,"minecraft:potato":2,"minecraft:oak_log":6,"minecraft:string":2,"minecraft:dirt":38,"minecraft:white_banner":2,"minecraft:compass":1,"minecraft:bone":2,"minecraft:kelp":7,"minecraft:wheat_seeds":4,"minecraft:bell":1,"minecraft:grindstone":2,"minecraft:beef":13,"minecraft:poppy":2,"minecraft:sugar_cane":35,"minecraft:chest":1,"minecraft:acacia_sapling":4,"minecraft:stick":1,"minecraft:raw_iron":30,"minecraft:cooked_porkchop":5,"minecraft:sweet_berries":60,"minecraft:acacia_log":4,"minecraft:porkchop":5,"minecraft:jungle_planks":1,"minecraft:spruce_sapling":1,"minecraft:carrot":9,"minecraft:dark_oak_log":5,"minecraft:spider_eye":1,"minecraft:arrow":1,"minecraft:purple_bed":14,"minecraft:rotten_flesh":8,"naturescompass:naturescompass":1,"minecraft:bread":104,"minecraft:oak_sapling":1,"minecraft:dark_oak_fence":12,"minecraft:black_wool":1,"minecraft:obsidian":2,"minecraft:mutton":3,"minecraft:coal":71,"minecraft:white_wool":2,"minecraft:cobblestone":110},"minecraft:dropped":{"naturescompass:naturescompass":2,"minecraft:kelp":7,"minecraft:sweet_berries":21,"minecraft:wheat_seeds":4,"minecraft:wheat":2,"minecraft:crossbow":1,"minecraft:iron_helmet":1,"minecraft:rotten_flesh":2,"minecraft:iron_boots":1,"minecraft:stick":1,"minecraft:filled_map":2,"minecraft:dirt":15,"minecraft:shield":1,"minecraft:dark_oak_fence":12,"minecraft:iron_chestplate":1,"minecraft:oak_sapling":2,"minecraft:iron_leggings":1,"minecraft:white_banner":1,"minecraft:wooden_pickaxe":1,"minecraft:spruce_sapling":2},"minecraft:crafted":{"minecraft:oak_planks":24,"minecraft:spruce_planks":24,"minecraft:iron_helmet":1,"minecraft:wooden_pickaxe":1,"minecraft:furnace":2,"minecraft:stone_axe":1,"minecraft:bread":3,"minecraft:air":0,"minecraft:iron_boots":2,"minecraft:shield":2,"naturescompass:naturescompass":1,"minecraft:stick":12,"minecraft:iron_ingot":22,"minecraft:iron_pickaxe":1,"minecraft:stone_pickaxe":1,"minecraft:chest":2,"minecraft:stone_sword":1,"minecraft:iron_leggings":1}},"DataVersion":3465}