{"stats":{"minecraft:custom":{"minecraft:interact_with_furnace":11,"minecraft:mob_kills":17,"minecraft:interact_with_crafting_table":23,"minecraft:interact_with_campfire":5,"minecraft:bell_ring":12,"minecraft:interact_with_grindstone":3,"minecraft:leave_game":3,"minecraft:time_since_death":76428,"minecraft:sleep_in_bed":10,"minecraft:time_since_rest":2735,"minecraft:sprint_one_cm":476233,"minecraft:damage_taken":1883,"minecraft:walk_one_cm":190651,"minecraft:drop":40,"minecraft:damage_dealt":2559,"minecraft:swim_one_cm":111655,"minecraft:talked_to_villager":12,"minecraft:fly_one_cm":885629,"minecraft:open_chest":49,"minecraft:play_time":147405,"minecraft:crouch_one_cm":5837,"minecraft:deaths":2,"minecraft:sneak_time":3006,"minecraft:walk_under_water_one_cm":13431,"minecraft:boat_one_cm":286108,"minecraft:jump":3619,"minecraft:walk_on_water_one_cm":10018,"minecraft:total_world_time":147405,"minecraft:fall_one_cm":133562},"minecraft:killed_by":{"minecraft:player":1},"minecraft:killed":{"minecraft:pig":2,"minecraft:skeleton":1,"minecraft:sheep":3,"minecraft:pillager":3,"minecraft:zombie":1,"minecraft:drowned":1,"minecraft:cow":6},"minecraft:mined":{"minecraft:acacia_leaves":40,"minecraft:kelp_plant":4,"minecraft:dark_oak_log":3,"minecraft:crafting_table":3,"minecraft:dark_oak_fence":6,"minecraft:acacia_log":4,"minecraft:grass_block":8,"minecraft:jungle_planks":1,"minecraft:chest":1,"minecraft:tall_grass":17,"minecraft:cobblestone":3,"minecraft:spruce_leaves":3,"minecraft:grindstone":2,"minecraft:sugar_cane":18,"minecraft:kelp":2,"minecraft:tall_seagrass":1,"minecraft:purple_bed":14,"minecraft:carrots":9,"minecraft:iron_ore":19,"minecraft:fire":1,"minecraft:wheat":1,"minecraft:sweet_berry_bush":18,"minecraft:birch_leaves":1,"minecraft:bell":1,"minecraft:grass":8,"minecraft:potatoes":2,"minecraft:oak_log":6,"minecraft:coal_ore":32,"minecraft:dirt":14,"minecraft:stone":101,"minecraft:oak_leaves":5,"minecraft:mossy_stone_bricks":1,"minecraft:fern":2},"minecraft:used":{"minecraft:stone_sword":85,"minecraft:stone_pickaxe":128,"minecraft:poppy":2,"minecraft:chest":3,"minecraft:wooden_pickaxe":34,"minecraft:bell":1,"minecraft:rotten_flesh":3,"minecraft:iron_chestplate":1,"minecraft:dirt":23,"minecraft:mutton":3,"minecraft:crafting_table":2,"minecraft:crossbow":6,"minecraft:fern":1,"minecraft:apple":1,"minecraft:dark_oak_log":5,"minecraft:bread":25,"minecraft:iron_helmet":1,"minecraft:stone_axe":19,"minecraft:cobblestone":7,"minecraft:beef":5,"minecraft:purple_bed":14,"minecraft:sweet_berries":46,"minecraft:white_banner":1,"minecraft:grindstone":2,"minecraft:furnace":2,"minecraft:cooked_porkchop":5},"minecraft:picked_up":{"minecraft:crafting_table":2,"minecraft:wheat":1,"minecraft:leather":2,"minecraft:potato":2,"minecraft:oak_log":6,"minecraft:dirt":38,"minecraft:white_banner":2,"minecraft:compass":1,"minecraft:bone":1,"minecraft:kelp":7,"minecraft:wheat_seeds":4,"minecraft:bell":1,"minecraft:grindstone":2,"minecraft:beef":13,"minecraft:poppy":2,"minecraft:sugar_cane":35,"minecraft:chest":1,"minecraft:acacia_sapling":4,"minecraft:stick":1,"minecraft:raw_iron":19,"minecraft:cooked_porkchop":5,"minecraft:sweet_berries":60,"minecraft:acacia_log":4,"minecraft:porkchop":5,"minecraft:jungle_planks":1,"minecraft:spruce_sapling":1,"minecraft:carrot":9,"minecraft:dark_oak_log":5,"minecraft:purple_bed":14,"minecraft:rotten_flesh":4,"naturescompass:naturescompass":1,"minecraft:bread":104,"minecraft:oak_sapling":1,"minecraft:dark_oak_fence":12,"minecraft:black_wool":1,"minecraft:obsidian":2,"minecraft:mutton":3,"minecraft:coal":33,"minecraft:white_wool":2,"minecraft:cobblestone":101},"minecraft:dropped":{"naturescompass:naturescompass":2,"minecraft:kelp":7,"minecraft:sweet_berries":21,"minecraft:wheat_seeds":4,"minecraft:wheat":2,"minecraft:crossbow":1,"minecraft:iron_helmet":1,"minecraft:rotten_flesh":2,"minecraft:iron_boots":1,"minecraft:stick":1,"minecraft:filled_map":2,"minecraft:dirt":15,"minecraft:shield":1,"minecraft:dark_oak_fence":12,"minecraft:iron_chestplate":1,"minecraft:oak_sapling":2,"minecraft:iron_leggings":1,"minecraft:white_banner":1,"minecraft:wooden_pickaxe":1,"minecraft:spruce_sapling":2},"minecraft:crafted":{"minecraft:oak_planks":24,"minecraft:spruce_planks":24,"minecraft:iron_helmet":1,"minecraft:wooden_pickaxe":1,"minecraft:furnace":2,"minecraft:stone_axe":1,"minecraft:bread":3,"minecraft:air":0,"minecraft:iron_boots":2,"minecraft:shield":2,"naturescompass:naturescompass":1,"minecraft:stick":8,"minecraft:iron_ingot":18,"minecraft:stone_pickaxe":1,"minecraft:chest":2,"minecraft:stone_sword":1,"minecraft:iron_leggings":1}},"DataVersion":3465}