{"stats":{"minecraft:dropped":{"naturescompass:naturescompass":2,"minecraft:dark_oak_stairs":1,"minecraft:moss_block":5,"minecraft:lapis_lazuli":26,"minecraft:crossbow":1,"minecraft:warped_roots":1,"minecraft:dirt":80,"minecraft:dark_oak_fence":12,"minecraft:cornflower":1,"minecraft:crimson_roots":3,"minecraft:iron_pickaxe":1,"minecraft:gravel":2,"minecraft:sugar_cane":2,"minecraft:iron_nugget":6,"minecraft:wheat":2,"minecraft:rotten_flesh":12,"minecraft:grindstone":1,"minecraft:oak_planks":28,"minecraft:azure_bluet":1,"minecraft:chainmail_boots":14,"minecraft:arrow":5,"minecraft:wheat_seeds":35,"minecraft:diamond_leggings":1,"minecraft:iron_helmet":3,"minecraft:chainmail_helmet":5,"minecraft:stick":1,"minecraft:milk_bucket":1,"minecraft:diorite":4,"minecraft:diamond_helmet":1,"minecraft:iron_leggings":3,"minecraft:white_banner":1,"minecraft:iron_axe":9,"minecraft:chainmail_leggings":14,"minecraft:spruce_sapling":2,"minecraft:dandelion":3,"minecraft:moss_carpet":1,"minecraft:kelp":7,"minecraft:sweet_berries":21,"minecraft:warped_nylium":1,"minecraft:raw_copper":6,"minecraft:raw_iron":2,"minecraft:iron_boots":3,"minecraft:filled_map":2,"minecraft:shield":1,"minecraft:diamond_chestplate":1,"minecraft:iron_chestplate":3,"minecraft:oak_sapling":3,"minecraft:bamboo":192,"minecraft:diamond_boots":1,"minecraft:bow":2,"minecraft:wooden_pickaxe":1},"minecraft:picked_up":{"minecraft:wheat":10,"minecraft:chainmail_boots":3,"minecraft:lead":2,"minecraft:gilded_blackstone":23,"minecraft:amethyst_block":14,"minecraft:string":16,"minecraft:raw_copper":7,"minecraft:cobbled_deepslate":104,"minecraft:bucket":1,"minecraft:rose_bush":14,"minecraft:calcite":23,"minecraft:netherite_upgrade_smithing_template":1,"minecraft:iron_pickaxe":1,"minecraft:melon_slice":32,"minecraft:stick":2,"minecraft:composter":1,"minecraft:acacia_log":4,"minecraft:porkchop":7,"minecraft:diorite":5,"minecraft:rotten_flesh":61,"minecraft:polished_basalt":5,"minecraft:iron_block":8,"minecraft:obsidian":3,"minecraft:cobblestone":459,"minecraft:pink_petals":41,"minecraft:lilac":9,"minecraft:magma_cream":5,"minecraft:andesite":38,"minecraft:potato":148,"minecraft:tuff":10,"minecraft:dirt":237,"minecraft:lapis_lazuli":121,"minecraft:lantern":2,"minecraft:bone":26,"minecraft:bow":5,"minecraft:wheat_seeds":50,"minecraft:raw_gold":4,"minecraft:bell":1,"minecraft:grindstone":6,"minecraft:glowstone_dust":19,"minecraft:diamond_helmet":1,"minecraft:fletching_table":2,"minecraft:bamboo":1791,"minecraft:moss_block":5,"minecraft:oak_planks":374,"minecraft:cooked_porkchop":5,"minecraft:jungle_planks":1,"minecraft:sand":38,"minecraft:dark_oak_log":5,"minecraft:diamond":32,"minecraft:cracked_polished_blackstone_bricks":22,"minecraft:granite":7,"minecraft:emerald":19,"minecraft:bread":113,"minecraft:chainmail_helmet":1,"minecraft:oak_sapling":6,"minecraft:netherrack":79,"minecraft:dark_oak_fence":12,"minecraft:crimson_roots":3,"minecraft:crafting_table":3,"minecraft:azure_bluet":1,"minecraft:cornflower":1,"minecraft:moss_carpet":1,"minecraft:netherite_scrap":1,"minecraft:compass":1,"minecraft:blackstone":3,"minecraft:beef":13,"minecraft:poppy":2,"minecraft:sugar_cane":40,"minecraft:chest":1,"minecraft:egg":2,"minecraft:raw_iron":145,"minecraft:polished_blackstone_bricks":38,"minecraft:carrot":208,"minecraft:redstone":17,"minecraft:arrow":32,"minecraft:diamond_chestplate":1,"minecraft:diamond_boots":2,"minecraft:mutton":3,"minecraft:glow_berries":1,"minecraft:white_wool":2,"minecraft:stripped_oak_log":2,"minecraft:basalt":3,"minecraft:glow_ink_sac":3,"minecraft:leather":3,"minecraft:oak_log":239,"minecraft:nether_wart_block":4,"minecraft:yellow_bed":1,"minecraft:gunpowder":1,"minecraft:white_banner":3,"minecraft:kelp":7,"minecraft:iron_ingot":34,"minecraft:acacia_sapling":4,"minecraft:dark_oak_stairs":1,"minecraft:smooth_basalt":2,"minecraft:sweet_berries":60,"minecraft:dandelion":3,"minecraft:gravel":2,"minecraft:amethyst_shard":16,"minecraft:spruce_sapling":1,"minecraft:blast_furnace":2,"minecraft:white_bed":1,"minecraft:spider_eye":6,"minecraft:purple_bed":15,"minecraft:chainmail_leggings":2,"naturescompass:naturescompass":1,"minecraft:warped_roots":1,"minecraft:black_wool":1,"minecraft:warped_nylium":3,"minecraft:coal":549,"minecraft:ender_pearl":9},"minecraft:used":{"minecraft:diamond_hoe":333,"minecraft:poppy":2,"minecraft:polished_basalt":5,"minecraft:chest":5,"minecraft:shield":76,"minecraft:iron_sword":257,"minecraft:bell":1,"minecraft:rotten_flesh":3,"minecraft:iron_chestplate":1,"minecraft:mutton":3,"minecraft:carrot":65,"minecraft:tuff":1,"minecraft:obsidian":10,"minecraft:glass":14,"minecraft:warped_nylium":2,"minecraft:iron_helmet":1,"minecraft:bow":2,"minecraft:sweet_berries":46,"minecraft:furnace":2,"minecraft:egg":2,"minecraft:potato":117,"minecraft:stone_pickaxe":133,"minecraft:oak_planks":65,"minecraft:blackstone":1,"minecraft:wooden_pickaxe":34,"minecraft:sugar_cane":38,"minecraft:diamond_axe":270,"minecraft:glow_berries":1,"minecraft:sand":1,"minecraft:blast_furnace":2,"minecraft:crossbow":39,"minecraft:dark_oak_log":5,"minecraft:bread":119,"minecraft:string":1,"minecraft:nether_wart_block":4,"minecraft:diamond_sword":521,"minecraft:grindstone":5,"minecraft:andesite":21,"minecraft:bone_meal":36,"minecraft:oak_trapdoor":2,"minecraft:stone_sword":145,"minecraft:flint_and_steel":1,"minecraft:netherrack":51,"minecraft:dirt":89,"minecraft:fern":1,"minecraft:iron_block":8,"minecraft:smooth_basalt":2,"minecraft:bamboo":1,"minecraft:basalt":2,"minecraft:beef":5,"minecraft:cobbled_deepslate":8,"minecraft:wheat_seeds":9,"minecraft:cooked_mutton":17,"minecraft:water_bucket":17,"minecraft:baked_potato":25,"minecraft:fletching_table":4,"minecraft:gilded_blackstone":3,"minecraft:crafting_table":3,"minecraft:white_bed":1,"minecraft:diamond_pickaxe":228,"minecraft:apple":7,"minecraft:diamond_shovel":221,"minecraft:cracked_polished_blackstone_bricks":22,"minecraft:iron_pickaxe":1229,"minecraft:stone_axe":105,"minecraft:pink_bed":1,"minecraft:cobblestone":331,"minecraft:purple_bed":15,"minecraft:white_banner":1,"minecraft:cooked_porkchop":7,"minecraft:bucket":18,"minecraft:stripped_oak_log":1},"minecraft:crafted":{"minecraft:oak_planks":960,"minecraft:chainmail_helmet":4,"minecraft:pink_bed":1,"minecraft:diamond_shovel":1,"minecraft:cooked_mutton":17,"minecraft:glass":37,"minecraft:diamond_helmet":2,"minecraft:diamond_leggings":2,"minecraft:bow":1,"minecraft:iron_boots":2,"minecraft:chest":4,"minecraft:emerald":137,"minecraft:cooked_porkchop":1,"minecraft:diamond_axe":1,"minecraft:spruce_planks":24,"minecraft:wooden_pickaxe":1,"minecraft:baked_potato":41,"minecraft:iron_helmet":2,"minecraft:fletching_table":2,"minecraft:diamond_pickaxe":1,"minecraft:pink_wool":3,"minecraft:shield":4,"naturescompass:naturescompass":1,"minecraft:stick":3083,"minecraft:iron_ingot":127,"minecraft:iron_pickaxe":5,"minecraft:stone_sword":1,"minecraft:gold_ingot":4,"minecraft:diamond_hoe":1,"minecraft:furnace":2,"minecraft:bone_meal":36,"minecraft:pink_dye":3,"minecraft:oak_trapdoor":2,"minecraft:flint_and_steel":1,"minecraft:iron_axe":9,"minecraft:stone_pickaxe":1,"minecraft:diamond_boots":2,"minecraft:chainmail_leggings":12,"minecraft:diamond_sword":1,"minecraft:iron_sword":1,"minecraft:bucket":1,"minecraft:stone_axe":1,"minecraft:bread":3,"minecraft:air":0,"minecraft:chainmail_boots":12,"minecraft:iron_leggings":1,"minecraft:diamond_chestplate":2},"minecraft:broken":{"minecraft:stone_pickaxe":1,"minecraft:stone_axe":1,"minecraft:iron_sword":1,"minecraft:stone_sword":1,"minecraft:iron_pickaxe":5,"minecraft:iron_helmet":1},"minecraft:custom":{"minecraft:interact_with_crafting_table":68,"minecraft:bell_ring":19,"minecraft:leave_game":21,"minecraft:time_since_death":23234,"minecraft:sprint_one_cm":1758130,"minecraft:damage_blocked_by_shield":2280,"minecraft:drop":142,"minecraft:talked_to_villager":86,"minecraft:play_time":591346,"minecraft:deaths":3,"minecraft:jump":13765,"minecraft:walk_on_water_one_cm":88441,"minecraft:interact_with_furnace":94,"minecraft:traded_with_villager":182,"minecraft:sleep_in_bed":31,"minecraft:damage_dealt":33166,"minecraft:player_kills":1,"minecraft:crouch_one_cm":58271,"minecraft:mob_kills":225,"minecraft:interact_with_campfire":5,"minecraft:climb_one_cm":3578,"minecraft:walk_one_cm":1051533,"minecraft:sneak_time":21075,"minecraft:walk_under_water_one_cm":59631,"minecraft:boat_one_cm":581619,"minecraft:interact_with_blast_furnace":1,"minecraft:total_world_time":591346,"minecraft:interact_with_grindstone":5,"minecraft:time_since_rest":4456,"minecraft:damage_taken":7004,"minecraft:swim_one_cm":197809,"minecraft:fly_one_cm":2611588,"minecraft:open_chest":300,"minecraft:fall_one_cm":411068},"minecraft:killed_by":{"minecraft:player":1},"minecraft:killed":{"minecraft:witch":1,"minecraft:spider":14,"minecraft:skeleton":30,"minecraft:piglin_brute":3,"minecraft:magma_cube":64,"minecraft:piglin":8,"minecraft:pig":2,"minecraft:zombie_villager":1,"minecraft:creeper":2,"minecraft:sheep":3,"minecraft:trader_llama":2,"minecraft:pillager":4,"minecraft:zombie":55,"minecraft:cow":6,"minecraft:drowned":1,"minecraft:hoglin":1,"minecraft:player":1,"minecraft:enderman":21},"minecraft:mined":{"minecraft:white_bed":1,"minecraft:farmland":1,"minecraft:obsidian":1,"minecraft:cave_vines_plant":1,"minecraft:granite":7,"minecraft:budding_amethyst":4,"minecraft:acacia_log":4,"minecraft:grass_block":158,"minecraft:cracked_polished_blackstone_bricks":19,"minecraft:composter":1,"minecraft:spawner":1,"minecraft:polished_blackstone_bricks":39,"minecraft:tall_seagrass":1,"minecraft:glowstone":9,"minecraft:iron_ore":115,"minecraft:fire":93,"minecraft:fletching_table":2,"minecraft:deepslate_lapis_ore":7,"minecraft:azure_bluet":1,"minecraft:cave_vines":2,"minecraft:iron_block":8,"minecraft:tripwire":1,"minecraft:deepslate_redstone_ore":4,"minecraft:blackstone":4,"minecraft:kelp_plant":4,"minecraft:crimson_nylium":3,"minecraft:amethyst_cluster":2,"minecraft:blast_furnace":2,"minecraft:calcite":20,"minecraft:melon":6,"minecraft:chest":1,"minecraft:glass":5,"minecraft:cobblestone":79,"minecraft:sugar_cane":19,"minecraft:grindstone":5,"minecraft:oak_planks":4,"minecraft:amethyst_block":13,"minecraft:deepslate_copper_ore":1,"minecraft:warped_nylium":3,"minecraft:nether_wart_block":1,"minecraft:wheat":10,"minecraft:lilac":10,"minecraft:grass":67,"minecraft:oak_log":239,"minecraft:sand":39,"minecraft:dirt":71,"minecraft:smooth_basalt":1,"minecraft:netherrack":109,"minecraft:oak_leaves":53,"minecraft:deepslate":96,"minecraft:tuff":4,"minecraft:deepslate_diamond_ore":31,"minecraft:dark_oak_log":3,"minecraft:dark_oak_fence":6,"minecraft:jungle_planks":1,"minecraft:crimson_roots":1,"minecraft:spruce_leaves":3,"minecraft:kelp":2,"minecraft:moss_block":6,"minecraft:carrots":65,"minecraft:polished_basalt":5,"minecraft:andesite":38,"minecraft:bell":1,"minecraft:potatoes":39,"minecraft:deepslate_iron_ore":23,"minecraft:lantern":2,"minecraft:stripped_oak_log":2,"minecraft:bamboo_sapling":9,"minecraft:bamboo":268,"minecraft:stone":388,"minecraft:acacia_leaves":40,"minecraft:basalt":3,"minecraft:dandelion":3,"minecraft:crafting_table":4,"minecraft:cornflower":1,"minecraft:warped_roots":1,"minecraft:rose_bush":18,"minecraft:tall_grass":33,"minecraft:copper_ore":1,"minecraft:lapis_ore":7,"minecraft:deepslate_gold_ore":4,"minecraft:diorite":5,"minecraft:purple_bed":15,"minecraft:sweet_berry_bush":18,"minecraft:birch_leaves":2,"minecraft:white_wall_banner":1,"minecraft:coal_ore":540,"minecraft:cobweb":1,"minecraft:mossy_stone_bricks":1,"minecraft:fern":5}},"DataVersion":3465}