{"stats":{"minecraft:broken":{"minecraft:stone_sword":1,"minecraft:stone_pickaxe":1},"minecraft:custom":{"minecraft:mob_kills":40,"minecraft:interact_with_crafting_table":32,"minecraft:interact_with_campfire":5,"minecraft:bell_ring":13,"minecraft:leave_game":3,"minecraft:time_since_death":124428,"minecraft:sprint_one_cm":610874,"minecraft:walk_one_cm":272847,"minecraft:damage_blocked_by_shield":510,"minecraft:drop":45,"minecraft:talked_to_villager":21,"minecraft:play_time":195405,"minecraft:deaths":2,"minecraft:sneak_time":4236,"minecraft:walk_under_water_one_cm":18182,"minecraft:boat_one_cm":286108,"minecraft:jump":4505,"minecraft:walk_on_water_one_cm":28467,"minecraft:total_world_time":195405,"minecraft:interact_with_furnace":28,"minecraft:traded_with_villager":13,"minecraft:interact_with_grindstone":3,"minecraft:sleep_in_bed":11,"minecraft:time_since_rest":12834,"minecraft:damage_taken":2158,"minecraft:damage_dealt":6358,"minecraft:swim_one_cm":121650,"minecraft:fly_one_cm":1051894,"minecraft:open_chest":61,"minecraft:crouch_one_cm":10251,"minecraft:fall_one_cm":152906},"minecraft:killed":{"minecraft:spider":5,"minecraft:skeleton":8,"minecraft:drowned":1,"minecraft:pig":2,"minecraft:sheep":3,"minecraft:pillager":3,"minecraft:zombie":10,"minecraft:cow":6},"minecraft:killed_by":{"minecraft:player":1},"minecraft:mined":{"minecraft:dark_oak_log":3,"minecraft:dark_oak_fence":6,"minecraft:acacia_log":4,"minecraft:grass_block":9,"minecraft:jungle_planks":1,"minecraft:spruce_leaves":3,"minecraft:kelp":2,"minecraft:tall_seagrass":1,"minecraft:carrots":9,"minecraft:iron_ore":66,"minecraft:fire":1,"minecraft:bell":1,"minecraft:potatoes":2,"minecraft:stone":155,"minecraft:acacia_leaves":40,"minecraft:kelp_plant":4,"minecraft:crafting_table":3,"minecraft:blast_furnace":1,"minecraft:chest":1,"minecraft:tall_grass":23,"minecraft:cobblestone":6,"minecraft:grindstone":3,"minecraft:sugar_cane":18,"minecraft:diorite":4,"minecraft:purple_bed":14,"minecraft:sweet_berry_bush":18,"minecraft:wheat":10,"minecraft:birch_leaves":1,"minecraft:grass":11,"minecraft:coal_ore":171,"minecraft:oak_log":6,"minecraft:dirt":16,"minecraft:cobweb":1,"minecraft:mossy_stone_bricks":1,"minecraft:oak_leaves":5,"minecraft:fern":2},"minecraft:used":{"minecraft:stone_sword":145,"minecraft:poppy":2,"minecraft:chest":3,"minecraft:shield":22,"minecraft:iron_sword":20,"minecraft:bell":1,"minecraft:rotten_flesh":3,"minecraft:iron_chestplate":1,"minecraft:dirt":26,"minecraft:mutton":3,"minecraft:fern":1,"minecraft:iron_helmet":1,"minecraft:bow":2,"minecraft:beef":5,"minecraft:sweet_berries":46,"minecraft:furnace":2,"minecraft:egg":1,"minecraft:wheat_seeds":9,"minecraft:stone_pickaxe":133,"minecraft:wooden_pickaxe":34,"minecraft:crafting_table":2,"minecraft:blast_furnace":1,"minecraft:crossbow":6,"minecraft:apple":1,"minecraft:dark_oak_log":5,"minecraft:bread":36,"minecraft:iron_pickaxe":244,"minecraft:stone_axe":21,"minecraft:cobblestone":56,"minecraft:purple_bed":14,"minecraft:cooked_porkchop":5,"minecraft:white_banner":1,"minecraft:grindstone":3},"minecraft:picked_up":{"minecraft:crafting_table":2,"minecraft:wheat":10,"minecraft:string":9,"minecraft:compass":1,"minecraft:beef":13,"minecraft:poppy":2,"minecraft:sugar_cane":35,"minecraft:chest":1,"minecraft:egg":1,"minecraft:raw_iron":67,"minecraft:stick":1,"minecraft:acacia_log":4,"minecraft:porkchop":5,"minecraft:diorite":4,"minecraft:carrot":9,"minecraft:arrow":9,"minecraft:rotten_flesh":16,"minecraft:mutton":3,"minecraft:obsidian":2,"minecraft:white_wool":2,"minecraft:cobblestone":162,"minecraft:leather":2,"minecraft:potato":2,"minecraft:oak_log":6,"minecraft:dirt":41,"minecraft:white_banner":2,"minecraft:bone":8,"minecraft:kelp":7,"minecraft:bow":1,"minecraft:wheat_seeds":41,"minecraft:bell":1,"minecraft:grindstone":3,"minecraft:acacia_sapling":4,"minecraft:cooked_porkchop":5,"minecraft:sweet_berries":60,"minecraft:jungle_planks":1,"minecraft:spruce_sapling":1,"minecraft:blast_furnace":1,"minecraft:dark_oak_log":5,"minecraft:spider_eye":3,"minecraft:purple_bed":14,"naturescompass:naturescompass":1,"minecraft:bread":104,"minecraft:oak_sapling":1,"minecraft:black_wool":1,"minecraft:dark_oak_fence":12,"minecraft:coal":172},"minecraft:dropped":{"naturescompass:naturescompass":2,"minecraft:wheat_seeds":32,"minecraft:crossbow":1,"minecraft:iron_helmet":1,"minecraft:stick":1,"minecraft:dirt":15,"minecraft:diorite":4,"minecraft:dark_oak_fence":12,"minecraft:iron_leggings":1,"minecraft:white_banner":1,"minecraft:spruce_sapling":2,"minecraft:kelp":7,"minecraft:sweet_berries":21,"minecraft:wheat":2,"minecraft:rotten_flesh":2,"minecraft:iron_boots":1,"minecraft:filled_map":2,"minecraft:shield":1,"minecraft:iron_chestplate":1,"minecraft:oak_sapling":2,"minecraft:wooden_pickaxe":1},"minecraft:crafted":{"minecraft:oak_planks":24,"minecraft:furnace":2,"minecraft:iron_boots":2,"minecraft:stone_pickaxe":1,"minecraft:chest":2,"minecraft:emerald":13,"minecraft:spruce_planks":24,"minecraft:wooden_pickaxe":1,"minecraft:iron_helmet":1,"minecraft:iron_sword":1,"minecraft:stone_axe":1,"minecraft:bread":3,"minecraft:air":0,"minecraft:shield":2,"naturescompass:naturescompass":1,"minecraft:stick":12,"minecraft:iron_ingot":22,"minecraft:iron_pickaxe":2,"minecraft:stone_sword":1,"minecraft:iron_leggings":1}},"DataVersion":3465}