{"stats":{"minecraft:broken":{"minecraft:wooden_pickaxe":1},"minecraft:custom":{"minecraft:mob_kills":29,"minecraft:interact_with_crafting_table":17,"minecraft:interact_with_campfire":5,"minecraft:bell_ring":4,"minecraft:interact_with_grindstone":1,"minecraft:leave_game":5,"minecraft:time_since_death":117949,"minecraft:sleep_in_bed":10,"minecraft:time_since_rest":6245,"minecraft:sprint_one_cm":379558,"minecraft:damage_taken":1090,"minecraft:walk_one_cm":170901,"minecraft:drop":14,"minecraft:damage_dealt":4061,"minecraft:swim_one_cm":62203,"minecraft:talked_to_villager":2,"minecraft:player_kills":1,"minecraft:fly_one_cm":900304,"minecraft:open_chest":36,"minecraft:crouch_one_cm":5697,"minecraft:play_time":117949,"minecraft:sneak_time":2953,"minecraft:walk_under_water_one_cm":24251,"minecraft:boat_one_cm":286073,"minecraft:jump":3341,"minecraft:interact_with_blast_furnace":2,"minecraft:walk_on_water_one_cm":20834,"minecraft:total_world_time":117949,"minecraft:fall_one_cm":105929},"minecraft:killed":{"minecraft:pig":5,"minecraft:sheep":14,"minecraft:skeleton":2,"minecraft:trader_llama":2,"minecraft:zombie":3,"minecraft:player":1,"minecraft:cow":2},"minecraft:mined":{"minecraft:kelp_plant":1,"minecraft:dark_oak_log":2,"minecraft:crafting_table":8,"minecraft:torch":1,"minecraft:dark_oak_fence":2,"minecraft:chest":2,"minecraft:tall_grass":2,"minecraft:wall_torch":3,"minecraft:blue_bed":10,"minecraft:large_fern":3,"minecraft:seagrass":1,"minecraft:hay_block":59,"minecraft:purple_bed":1,"minecraft:iron_ore":1,"minecraft:wheat":1,"minecraft:grass":8,"minecraft:oak_log":10,"minecraft:coal_ore":38,"minecraft:dirt":2,"minecraft:stone":60,"minecraft:oak_leaves":1},"minecraft:used":{"minecraft:cooked_mutton":4,"minecraft:stone_sword":89,"minecraft:stone_pickaxe":44,"minecraft:chest":2,"minecraft:wooden_pickaxe":59,"minecraft:blue_bed":10,"minecraft:cooked_chicken":1,"minecraft:torch":8,"minecraft:crafting_table":10,"minecraft:crossbow":1,"minecraft:bread":26,"minecraft:iron_helmet":1,"minecraft:stone_axe":19,"minecraft:cobblestone":5,"minecraft:beef":1,"minecraft:purple_bed":1,"minecraft:sweet_berries":38,"minecraft:bucket":1,"minecraft:oak_boat":2,"minecraft:iron_leggings":1,"minecraft:potato":1,"minecraft:experience_bottle":1},"minecraft:picked_up":{"minecraft:crafting_table":9,"minecraft:iron_chestplate":1,"minecraft:wheat":1,"minecraft:chicken":1,"minecraft:brown_wool":1,"minecraft:leather":1,"minecraft:lead":2,"minecraft:potato":1,"minecraft:oak_log":10,"minecraft:shield":1,"minecraft:blue_bed":10,"minecraft:dirt":1,"minecraft:iron_leggings":1,"minecraft:cooked_mutton":4,"minecraft:bone":2,"minecraft:kelp":1,"minecraft:wheat_seeds":2,"minecraft:beef":2,"minecraft:cooked_chicken":1,"minecraft:oak_boat":2,"minecraft:chest":2,"minecraft:iron_boots":1,"minecraft:sweet_berries":38,"minecraft:torch":4,"minecraft:porkchop":7,"minecraft:arrow":2,"minecraft:purple_bed":1,"minecraft:rotten_flesh":3,"minecraft:iron_helmet":1,"minecraft:hay_block":59,"minecraft:crossbow":1,"minecraft:gray_wool":1,"naturescompass:naturescompass":1,"minecraft:oak_sapling":1,"minecraft:mutton":21,"minecraft:coal":37,"minecraft:white_wool":12,"minecraft:cobblestone":60},"minecraft:dropped":{"minecraft:bread":104,"minecraft:compass":1,"minecraft:wheat_seeds":1,"minecraft:obsidian":2,"minecraft:rotten_flesh":3,"minecraft:leather":1,"minecraft:filled_map":1,"minecraft:acacia_sapling":2,"minecraft:bone":2},"minecraft:crafted":{"minecraft:oak_planks":40,"minecraft:crafting_table":1,"minecraft:wooden_pickaxe":1,"minecraft:bucket":1,"minecraft:stone_axe":1,"minecraft:bread":180,"minecraft:oak_boat":1,"minecraft:stick":12,"minecraft:iron_ingot":2,"minecraft:iron_pickaxe":1,"minecraft:stone_pickaxe":1,"minecraft:stone_sword":1,"minecraft:torch":4,"minecraft:wheat":531}},"DataVersion":3465}