{"stats":{"minecraft:picked_up":{"minecraft:crafting_table":10,"minecraft:iron_chestplate":1,"minecraft:wheat":1,"minecraft:chicken":1,"minecraft:lead":2,"minecraft:shield":1,"minecraft:string":3,"minecraft:raw_copper":1,"minecraft:iron_leggings":1,"minecraft:cobbled_deepslate":54,"minecraft:beef":2,"minecraft:oak_boat":2,"minecraft:iron_pickaxe":1,"minecraft:chest":2,"minecraft:iron_boots":1,"minecraft:raw_iron":89,"minecraft:torch":4,"minecraft:porkchop":7,"minecraft:diorite":19,"minecraft:redstone":117,"minecraft:arrow":12,"minecraft:rotten_flesh":30,"minecraft:hay_block":59,"minecraft:mutton":21,"minecraft:cobblestone":414,"minecraft:white_wool":12,"minecraft:andesite":21,"minecraft:brown_wool":1,"minecraft:leather":1,"minecraft:potato":1,"minecraft:flint":1,"minecraft:oak_log":115,"minecraft:gunpowder":4,"minecraft:lapis_lazuli":13,"minecraft:blue_bed":10,"minecraft:dirt":27,"minecraft:cooked_mutton":4,"minecraft:bone":8,"minecraft:kelp":1,"minecraft:wheat_seeds":2,"minecraft:raw_gold":15,"minecraft:cooked_chicken":1,"minecraft:sweet_berries":38,"minecraft:gravel":4,"minecraft:spider_eye":2,"minecraft:purple_bed":1,"minecraft:diamond":3,"minecraft:iron_helmet":1,"minecraft:granite":1,"minecraft:crossbow":1,"minecraft:gray_wool":1,"naturescompass:naturescompass":1,"minecraft:oak_sapling":1,"minecraft:coal":465,"minecraft:ender_pearl":1},"minecraft:broken":{"minecraft:stone_sword":1,"minecraft:wooden_pickaxe":1,"minecraft:stone_pickaxe":1,"minecraft:stone_axe":1,"minecraft:iron_pickaxe":2},"minecraft:crafted":{"minecraft:oak_planks":460,"minecraft:stone_pickaxe":1,"minecraft:wheat":531,"minecraft:emerald":10,"minecraft:crafting_table":2,"minecraft:wooden_pickaxe":1,"minecraft:iron_sword":1,"minecraft:bucket":1,"minecraft:stone_axe":1,"minecraft:bread":180,"minecraft:air":0,"minecraft:oak_boat":1,"minecraft:stick":20,"minecraft:iron_pickaxe":5,"minecraft:iron_ingot":75,"minecraft:stone_sword":1,"minecraft:iron_block":10,"minecraft:gold_ingot":4,"minecraft:torch":4},"minecraft:killed_by":{"minecraft:player":1},"minecraft:mined":{"minecraft:deepslate_diamond_ore":3,"minecraft:dark_oak_log":2,"minecraft:granite":1,"minecraft:dark_oak_fence":2,"minecraft:grass_block":4,"minecraft:large_fern":3,"minecraft:hay_block":59,"minecraft:iron_ore":68,"minecraft:andesite":21,"minecraft:deepslate_lapis_ore":2,"minecraft:deepslate_iron_ore":26,"minecraft:stone":410,"minecraft:deepslate_redstone_ore":27,"minecraft:kelp_plant":1,"minecraft:crafting_table":9,"minecraft:torch":1,"minecraft:chest":2,"minecraft:tall_grass":2,"minecraft:cobblestone":5,"minecraft:deepslate_gold_ore":11,"minecraft:diorite":17,"minecraft:blue_bed":10,"minecraft:wall_torch":3,"minecraft:seagrass":1,"minecraft:purple_bed":1,"minecraft:wheat":1,"minecraft:grass":8,"minecraft:oak_log":115,"minecraft:coal_ore":455,"minecraft:gravel":6,"minecraft:dirt":26,"minecraft:gold_ore":4,"minecraft:oak_leaves":5,"minecraft:deepslate":54},"minecraft:custom":{"minecraft:mob_kills":76,"minecraft:interact_with_crafting_table":25,"minecraft:interact_with_campfire":5,"minecraft:bell_ring":10,"minecraft:leave_game":22,"minecraft:time_since_death":24555,"minecraft:sprint_one_cm":702804,"minecraft:walk_one_cm":436846,"minecraft:damage_blocked_by_shield":560,"minecraft:drop":35,"minecraft:talked_to_villager":8,"minecraft:play_time":253310,"minecraft:deaths":1,"minecraft:sneak_time":7948,"minecraft:walk_under_water_one_cm":35283,"minecraft:boat_one_cm":286073,"minecraft:jump":5711,"minecraft:interact_with_blast_furnace":3,"minecraft:walk_on_water_one_cm":34016,"minecraft:total_world_time":253310,"minecraft:interact_with_furnace":18,"minecraft:traded_with_villager":10,"minecraft:interact_with_grindstone":2,"minecraft:sleep_in_bed":16,"minecraft:time_since_rest":24598,"minecraft:damage_taken":2509,"minecraft:damage_dealt":13995,"minecraft:swim_one_cm":72474,"minecraft:fly_one_cm":1344571,"minecraft:player_kills":1,"minecraft:open_chest":69,"minecraft:crouch_one_cm":21085,"minecraft:fall_one_cm":162842},"minecraft:used":{"minecraft:stone_sword":143,"minecraft:chest":2,"minecraft:shield":12,"minecraft:iron_sword":136,"minecraft:cooked_chicken":1,"minecraft:torch":8,"minecraft:iron_helmet":1,"minecraft:beef":1,"minecraft:sweet_berries":38,"minecraft:potato":1,"minecraft:iron_leggings":1,"minecraft:cooked_mutton":4,"minecraft:water_bucket":27,"minecraft:stone_pickaxe":130,"minecraft:wooden_pickaxe":59,"minecraft:blue_bed":10,"minecraft:crafting_table":12,"minecraft:crossbow":1,"minecraft:bread":65,"minecraft:iron_pickaxe":942,"minecraft:stone_axe":130,"minecraft:cobblestone":97,"minecraft:purple_bed":1,"minecraft:bucket":28,"minecraft:oak_boat":2,"minecraft:experience_bottle":1},"minecraft:killed":{"minecraft:spider":4,"minecraft:skeleton":11,"minecraft:pig":5,"minecraft:creeper":2,"minecraft:sheep":14,"minecraft:trader_llama":2,"minecraft:zombie":32,"minecraft:player":1,"minecraft:cow":2,"minecraft:enderman":1},"minecraft:dropped":{"minecraft:bread":104,"minecraft:wheat_seeds":1,"minecraft:cobblestone":4,"minecraft:leather":1,"minecraft:coal":14,"minecraft:diorite":2,"minecraft:iron_pickaxe":2,"minecraft:string":2,"minecraft:bone":5,"minecraft:gravel":1,"minecraft:compass":1,"minecraft:obsidian":2,"minecraft:rotten_flesh":19,"minecraft:oak_planks":370,"minecraft:filled_map":1,"minecraft:gunpowder":2,"minecraft:andesite":5,"minecraft:acacia_sapling":2,"minecraft:arrow":2}},"DataVersion":3465}