{"stats":{"minecraft:broken":{"minecraft:stone_pickaxe":1,"minecraft:stone_axe":1,"minecraft:stone_sword":1,"minecraft:iron_pickaxe":2,"minecraft:wooden_pickaxe":1},"minecraft:custom":{"minecraft:interact_with_furnace":7,"minecraft:mob_kills":57,"minecraft:traded_with_villager":10,"minecraft:interact_with_crafting_table":24,"minecraft:interact_with_campfire":5,"minecraft:bell_ring":4,"minecraft:interact_with_grindstone":2,"minecraft:leave_game":7,"minecraft:time_since_death":191063,"minecraft:sleep_in_bed":12,"minecraft:time_since_rest":9529,"minecraft:sprint_one_cm":578979,"minecraft:damage_taken":1746,"minecraft:walk_one_cm":313348,"minecraft:damage_blocked_by_shield":505,"minecraft:drop":27,"minecraft:damage_dealt":9821,"minecraft:player_kills":1,"minecraft:swim_one_cm":64693,"minecraft:talked_to_villager":3,"minecraft:fly_one_cm":1120007,"minecraft:open_chest":52,"minecraft:crouch_one_cm":8424,"minecraft:play_time":191063,"minecraft:sneak_time":3996,"minecraft:walk_under_water_one_cm":24764,"minecraft:boat_one_cm":286073,"minecraft:jump":4484,"minecraft:interact_with_blast_furnace":2,"minecraft:walk_on_water_one_cm":25462,"minecraft:total_world_time":191063,"minecraft:fall_one_cm":129264},"minecraft:killed":{"minecraft:pig":5,"minecraft:spider":4,"minecraft:creeper":1,"minecraft:sheep":14,"minecraft:skeleton":6,"minecraft:trader_llama":2,"minecraft:zombie":20,"minecraft:player":1,"minecraft:cow":2},"minecraft:mined":{"minecraft:kelp_plant":1,"minecraft:dark_oak_log":2,"minecraft:crafting_table":9,"minecraft:torch":1,"minecraft:granite":1,"minecraft:dark_oak_fence":2,"minecraft:grass_block":1,"minecraft:chest":2,"minecraft:tall_grass":2,"minecraft:cobblestone":3,"minecraft:diorite":6,"minecraft:blue_bed":10,"minecraft:wall_torch":3,"minecraft:large_fern":3,"minecraft:hay_block":59,"minecraft:seagrass":1,"minecraft:purple_bed":1,"minecraft:iron_ore":53,"minecraft:wheat":1,"minecraft:andesite":18,"minecraft:grass":8,"minecraft:oak_log":115,"minecraft:coal_ore":429,"minecraft:gravel":1,"minecraft:dirt":16,"minecraft:stone":292,"minecraft:gold_ore":4,"minecraft:oak_leaves":5},"minecraft:used":{"minecraft:cooked_mutton":4,"minecraft:water_bucket":6,"minecraft:stone_sword":143,"minecraft:stone_pickaxe":130,"minecraft:chest":2,"minecraft:wooden_pickaxe":59,"minecraft:shield":10,"minecraft:iron_sword":56,"minecraft:blue_bed":10,"minecraft:cooked_chicken":1,"minecraft:torch":8,"minecraft:crafting_table":12,"minecraft:crossbow":1,"minecraft:bread":49,"minecraft:iron_pickaxe":628,"minecraft:iron_helmet":1,"minecraft:stone_axe":130,"minecraft:cobblestone":28,"minecraft:beef":1,"minecraft:purple_bed":1,"minecraft:sweet_berries":38,"minecraft:bucket":7,"minecraft:oak_boat":2,"minecraft:experience_bottle":1,"minecraft:potato":1,"minecraft:iron_leggings":1},"minecraft:picked_up":{"minecraft:iron_chestplate":1,"minecraft:crafting_table":10,"minecraft:wheat":1,"minecraft:chicken":1,"minecraft:andesite":18,"minecraft:brown_wool":1,"minecraft:leather":1,"minecraft:lead":2,"minecraft:potato":1,"minecraft:oak_log":115,"minecraft:shield":1,"minecraft:gunpowder":2,"minecraft:dirt":16,"minecraft:blue_bed":10,"minecraft:string":3,"minecraft:raw_copper":1,"minecraft:iron_leggings":1,"minecraft:cooked_mutton":4,"minecraft:bone":5,"minecraft:kelp":1,"minecraft:wheat_seeds":2,"minecraft:raw_gold":4,"minecraft:beef":2,"minecraft:cooked_chicken":1,"minecraft:oak_boat":2,"minecraft:iron_pickaxe":1,"minecraft:chest":2,"minecraft:iron_boots":1,"minecraft:raw_iron":52,"minecraft:sweet_berries":38,"minecraft:torch":4,"minecraft:gravel":1,"minecraft:porkchop":7,"minecraft:diorite":6,"minecraft:spider_eye":2,"minecraft:arrow":6,"minecraft:purple_bed":1,"minecraft:rotten_flesh":23,"minecraft:iron_helmet":1,"minecraft:hay_block":59,"minecraft:crossbow":1,"minecraft:granite":1,"minecraft:gray_wool":1,"naturescompass:naturescompass":1,"minecraft:oak_sapling":1,"minecraft:mutton":21,"minecraft:coal":435,"minecraft:white_wool":12,"minecraft:cobblestone":299},"minecraft:dropped":{"minecraft:gravel":1,"minecraft:bread":104,"minecraft:compass":1,"minecraft:wheat_seeds":1,"minecraft:cobblestone":4,"minecraft:obsidian":2,"minecraft:rotten_flesh":12,"minecraft:oak_planks":370,"minecraft:leather":1,"minecraft:filled_map":1,"minecraft:diorite":2,"minecraft:andesite":2,"minecraft:acacia_sapling":2,"minecraft:iron_pickaxe":1,"minecraft:string":2,"minecraft:bone":2},"minecraft:crafted":{"minecraft:oak_planks":460,"minecraft:emerald":10,"minecraft:crafting_table":2,"minecraft:wooden_pickaxe":1,"minecraft:iron_sword":1,"minecraft:bucket":1,"minecraft:stone_axe":1,"minecraft:bread":180,"minecraft:air":0,"minecraft:oak_boat":1,"minecraft:stick":20,"minecraft:iron_ingot":48,"minecraft:iron_pickaxe":5,"minecraft:stone_pickaxe":1,"minecraft:stone_sword":1,"minecraft:torch":4,"minecraft:wheat":531}},"DataVersion":3465}