{"stats":{"minecraft:killed_by":{"minecraft:player":1},"minecraft:killed":{"minecraft:cave_spider":12,"minecraft:spider":6,"minecraft:skeleton":20,"minecraft:magma_cube":16,"minecraft:piglin":8,"minecraft:pig":6,"minecraft:hoglin":2,"minecraft:creeper":3,"minecraft:sheep":14,"minecraft:trader_llama":2,"minecraft:pillager":1,"minecraft:zombie":44,"minecraft:player":1,"minecraft:enderman":3,"minecraft:cow":2},"minecraft:used":{"minecraft:oak_trapdoor":1,"minecraft:beetroot":1,"minecraft:stone_sword":143,"minecraft:iron_shovel":205,"minecraft:chest":2,"minecraft:shield":37,"minecraft:iron_sword":472,"minecraft:cooked_chicken":1,"minecraft:netherrack":79,"minecraft:oak_door":1,"minecraft:torch":42,"minecraft:ancient_debris":1,"minecraft:dirt":290,"minecraft:carrot":97,"minecraft:milk_bucket":1,"minecraft:lava_bucket":1,"minecraft:iron_axe":197,"minecraft:warped_nylium":1,"minecraft:iron_helmet":1,"minecraft:bamboo":245,"minecraft:basalt":5,"minecraft:beef":1,"minecraft:bow":3,"minecraft:sweet_berries":38,"minecraft:beetroot_seeds":3,"minecraft:potato":165,"minecraft:cobbled_deepslate":15,"minecraft:iron_leggings":1,"minecraft:wheat_seeds":63,"minecraft:cooked_mutton":4,"minecraft:water_bucket":89,"minecraft:stone_pickaxe":130,"minecraft:blackstone":8,"minecraft:wooden_pickaxe":59,"minecraft:blue_bed":10,"minecraft:polished_blackstone_bricks":8,"minecraft:crafting_table":14,"minecraft:crossbow":18,"minecraft:warped_planks":11,"minecraft:ender_eye":1,"minecraft:diamond_pickaxe":335,"minecraft:cracked_polished_blackstone_bricks":16,"minecraft:bread":151,"minecraft:iron_pickaxe":1213,"minecraft:stone_axe":130,"minecraft:diamond_sword":5,"minecraft:cobblestone":203,"minecraft:purple_bed":1,"minecraft:bucket":91,"minecraft:yellow_bed":2,"minecraft:oak_boat":7,"minecraft:bone_meal":6,"minecraft:experience_bottle":1},"minecraft:broken":{"minecraft:stone_sword":1,"minecraft:wooden_pickaxe":1,"minecraft:stone_pickaxe":1,"minecraft:stone_axe":1,"minecraft:iron_sword":2,"minecraft:iron_pickaxe":4,"minecraft:iron_helmet":1},"minecraft:mined":{"minecraft:dark_oak_planks":1,"minecraft:dark_oak_leaves":1,"minecraft:deepslate_diamond_ore":13,"minecraft:dark_oak_log":2,"minecraft:granite":4,"minecraft:dark_oak_fence":2,"minecraft:grass_block":207,"minecraft:crimson_roots":1,"minecraft:cracked_polished_blackstone_bricks":22,"minecraft:moss_block":2,"minecraft:spawner":2,"minecraft:gilded_blackstone":1,"minecraft:large_fern":3,"minecraft:hay_block":75,"minecraft:polished_blackstone_bricks":19,"minecraft:weeping_vines_plant":1,"minecraft:carrots":29,"minecraft:iron_ore":69,"minecraft:fire":5,"minecraft:andesite":24,"minecraft:deepslate_lapis_ore":2,"minecraft:gold_block":12,"minecraft:dark_oak_stairs":1,"minecraft:potatoes":143,"minecraft:dirt_path":16,"minecraft:deepslate_iron_ore":73,"minecraft:rail":25,"minecraft:warped_stem":9,"minecraft:bamboo":157,"minecraft:stone":454,"minecraft:deepslate_redstone_ore":64,"minecraft:blackstone":8,"minecraft:kelp_plant":1,"minecraft:crimson_nylium":4,"minecraft:basalt":5,"minecraft:oak_fence":3,"minecraft:crafting_table":11,"minecraft:torch":1,"minecraft:warped_roots":1,"minecraft:chest":2,"minecraft:nether_quartz_ore":19,"minecraft:glass":1,"minecraft:tall_grass":3,"minecraft:cobblestone":13,"minecraft:oak_planks":1,"minecraft:deepslate_gold_ore":42,"minecraft:polished_blackstone_brick_stairs":1,"minecraft:blue_bed":10,"minecraft:diorite":18,"minecraft:wall_torch":3,"minecraft:seagrass":1,"minecraft:purple_bed":1,"minecraft:warped_nylium":2,"minecraft:nether_wart_block":4,"minecraft:birch_log":12,"minecraft:wheat":26,"minecraft:yellow_bed":3,"minecraft:grass":73,"minecraft:coal_ore":472,"minecraft:oak_log":198,"minecraft:beetroots":1,"minecraft:gravel":15,"minecraft:sand":3,"minecraft:dirt":58,"minecraft:cobweb":49,"minecraft:netherrack":177,"minecraft:gold_ore":4,"minecraft:oak_leaves":16,"minecraft:deepslate":123},"minecraft:custom":{"minecraft:mob_kills":147,"minecraft:interact_with_crafting_table":45,"minecraft:interact_with_campfire":5,"minecraft:bell_ring":10,"minecraft:leave_game":29,"minecraft:time_since_death":33036,"minecraft:climb_one_cm":2793,"minecraft:sprint_one_cm":1504749,"minecraft:walk_one_cm":957251,"minecraft:damage_blocked_by_shield":1130,"minecraft:drop":121,"minecraft:talked_to_villager":23,"minecraft:play_time":478955,"minecraft:sneak_time":18924,"minecraft:deaths":2,"minecraft:walk_under_water_one_cm":43730,"minecraft:boat_one_cm":710311,"minecraft:jump":10673,"minecraft:interact_with_blast_furnace":8,"minecraft:walk_on_water_one_cm":71254,"minecraft:total_world_time":478955,"minecraft:interact_with_furnace":35,"minecraft:traded_with_villager":52,"minecraft:interact_with_grindstone":2,"minecraft:sleep_in_bed":27,"minecraft:time_since_rest":14515,"minecraft:damage_taken":5322,"minecraft:damage_dealt":25814,"minecraft:player_kills":1,"minecraft:swim_one_cm":83749,"minecraft:fly_one_cm":2356967,"minecraft:open_chest":205,"minecraft:crouch_one_cm":72099,"minecraft:fall_one_cm":298179},"minecraft:crafted":{"minecraft:oak_door":3,"minecraft:oak_planks":792,"minecraft:bone_meal":6,"minecraft:diamond_shovel":1,"minecraft:oak_trapdoor":2,"minecraft:warped_planks":36,"minecraft:iron_boots":1,"minecraft:iron_axe":1,"minecraft:stone_pickaxe":1,"minecraft:redstone_block":33,"minecraft:wheat":675,"minecraft:diamond_sword":1,"minecraft:emerald":52,"minecraft:diamond_axe":1,"minecraft:crafting_table":3,"minecraft:iron_helmet":1,"minecraft:wooden_pickaxe":1,"minecraft:iron_sword":3,"minecraft:gold_block":6,"minecraft:bucket":1,"minecraft:birch_planks":48,"minecraft:stone_axe":1,"minecraft:bread":235,"minecraft:air":0,"minecraft:oak_boat":1,"minecraft:iron_chestplate":1,"minecraft:diamond_pickaxe":1,"minecraft:shield":1,"minecraft:stick":1443,"minecraft:iron_ingot":205,"minecraft:iron_pickaxe":5,"minecraft:iron_block":22,"minecraft:stone_sword":1,"minecraft:iron_shovel":1,"minecraft:iron_leggings":1,"minecraft:gold_ingot":47,"minecraft:torch":4},"minecraft:picked_up":{"minecraft:iron_chestplate":1,"minecraft:crafting_table":12,"minecraft:wheat":14,"minecraft:chicken":1,"minecraft:lead":2,"minecraft:gold_block":12,"minecraft:gilded_blackstone":1,"minecraft:shield":1,"minecraft:golden_sword":1,"minecraft:polished_blackstone_brick_stairs":1,"minecraft:string":144,"minecraft:raw_copper":1,"minecraft:iron_leggings":1,"minecraft:blackstone":8,"minecraft:beetroot":1,"minecraft:diamond_leggings":1,"minecraft:cobbled_deepslate":129,"minecraft:beef":2,"minecraft:oak_boat":7,"minecraft:ender_eye":1,"minecraft:poppy":1,"minecraft:iron_pickaxe":1,"minecraft:chest":2,"minecraft:birch_sapling":4,"minecraft:iron_boots":1,"minecraft:stick":29,"minecraft:raw_iron":136,"minecraft:oak_fence":7,"minecraft:torch":7,"minecraft:porkchop":14,"minecraft:polished_blackstone_bricks":18,"minecraft:diorite":19,"minecraft:carrot":97,"minecraft:redstone":287,"minecraft:dark_oak_planks":1,"minecraft:arrow":19,"minecraft:weeping_vines":1,"minecraft:rotten_flesh":41,"minecraft:diamond_chestplate":1,"minecraft:beetroot_seeds":3,"minecraft:diamond_boots":1,"minecraft:hay_block":75,"minecraft:mutton":21,"minecraft:rail":25,"minecraft:white_wool":12,"minecraft:cobblestone":454,"minecraft:birch_log":12,"minecraft:basalt":5,"minecraft:magma_cream":1,"minecraft:andesite":21,"minecraft:leather":1,"minecraft:brown_wool":1,"minecraft:potato":482,"minecraft:flint":2,"minecraft:oak_log":198,"minecraft:yellow_bed":3,"minecraft:nether_wart_block":1,"minecraft:gunpowder":5,"minecraft:lapis_lazuli":13,"minecraft:dirt":351,"minecraft:blue_bed":10,"minecraft:white_banner":1,"minecraft:cooked_mutton":4,"minecraft:bone":15,"minecraft:apple":3,"minecraft:kelp":1,"minecraft:bow":1,"minecraft:wheat_seeds":62,"minecraft:warped_stem":9,"minecraft:raw_gold":46,"minecraft:cooked_chicken":1,"minecraft:diamond_helmet":1,"minecraft:bamboo":1411,"minecraft:oak_planks":29,"minecraft:dark_oak_stairs":1,"minecraft:warped_fungus":1,"minecraft:milk_bucket":1,"minecraft:sweet_berries":38,"minecraft:poisonous_potato":8,"minecraft:quartz":18,"minecraft:gravel":13,"minecraft:sand":2,"minecraft:spider_eye":6,"minecraft:purple_bed":1,"minecraft:diamond":14,"minecraft:cracked_polished_blackstone_bricks":18,"minecraft:iron_helmet":1,"minecraft:crossbow":1,"minecraft:granite":1,"minecraft:gray_wool":1,"naturescompass:naturescompass":1,"minecraft:warped_roots":5,"minecraft:bread":74,"minecraft:oak_sapling":44,"minecraft:netherrack":206,"minecraft:warped_nylium":1,"minecraft:coal":481,"minecraft:crimson_roots":2,"minecraft:ender_pearl":3},"minecraft:dropped":{"minecraft:iron_ingot":34,"minecraft:bread":188,"minecraft:iron_sword":1,"minecraft:dark_oak_stairs":1,"minecraft:wheat_seeds":4,"minecraft:poisonous_potato":8,"minecraft:netherite_upgrade_smithing_template":1,"minecraft:oak_fence":7,"minecraft:weeping_vines":1,"minecraft:cobblestone":5,"minecraft:warped_roots":2,"minecraft:leather":1,"minecraft:coal":14,"minecraft:stick":2,"minecraft:emerald":19,"minecraft:dirt":7,"minecraft:netherite_scrap":1,"minecraft:diorite":2,"minecraft:crimson_roots":2,"minecraft:nether_wart_block":1,"minecraft:diamond_helmet":1,"minecraft:iron_axe":1,"minecraft:iron_leggings":1,"minecraft:gilded_blackstone":23,"minecraft:sand":2,"minecraft:polished_blackstone_bricks":10,"minecraft:iron_pickaxe":2,"minecraft:iron_shovel":1,"minecraft:dark_oak_planks":1,"minecraft:string":2,"minecraft:bucket":1,"minecraft:bone":5,"minecraft:oak_door":2,"minecraft:gravel":1,"minecraft:compass":1,"minecraft:obsidian":2,"minecraft:rotten_flesh":28,"minecraft:oak_planks":370,"minecraft:iron_boots":1,"minecraft:warped_planks":25,"minecraft:filled_map":1,"minecraft:poppy":1,"minecraft:gunpowder":3,"minecraft:diamond_chestplate":1,"minecraft:iron_chestplate":1,"minecraft:andesite":5,"minecraft:yellow_bed":1,"minecraft:acacia_sapling":2,"minecraft:golden_sword":1,"minecraft:bamboo":188,"minecraft:diamond_boots":2,"minecraft:arrow":3,"minecraft:bow":1,"minecraft:magma_cream":1,"minecraft:netherrack":127}},"DataVersion":3465}