{"stats":{"minecraft:broken":{"minecraft:wooden_pickaxe":1},"minecraft:custom":{"minecraft:time_since_rest":8787,"minecraft:sprint_one_cm":76250,"minecraft:damage_taken":188,"minecraft:walk_one_cm":60107,"minecraft:mob_kills":8,"minecraft:drop":3,"minecraft:damage_dealt":1201,"minecraft:swim_one_cm":26766,"minecraft:interact_with_crafting_table":7,"minecraft:fly_one_cm":100801,"minecraft:talked_to_villager":1,"minecraft:open_chest":12,"minecraft:crouch_one_cm":1630,"minecraft:play_time":32282,"minecraft:interact_with_campfire":5,"minecraft:sneak_time":1803,"minecraft:walk_under_water_one_cm":9813,"minecraft:boat_one_cm":85695,"minecraft:jump":460,"minecraft:interact_with_blast_furnace":1,"minecraft:leave_game":2,"minecraft:time_since_death":32282,"minecraft:walk_on_water_one_cm":7908,"minecraft:sleep_in_bed":2,"minecraft:total_world_time":32282,"minecraft:fall_one_cm":6014},"minecraft:killed":{"minecraft:sheep":3,"minecraft:skeleton":1,"minecraft:zombie":2,"minecraft:pig":1,"minecraft:cow":1},"minecraft:mined":{"minecraft:large_fern":3,"minecraft:purple_bed":1,"minecraft:kelp_plant":1,"minecraft:crafting_table":3,"minecraft:oak_log":10,"minecraft:chest":2,"minecraft:dirt":2,"minecraft:stone":58,"minecraft:oak_leaves":1,"minecraft:blue_bed":2},"minecraft:used":{"minecraft:stone_sword":28,"minecraft:bread":2,"minecraft:wooden_pickaxe":59,"minecraft:blue_bed":1,"minecraft:stone_axe":7,"minecraft:beef":1,"minecraft:sweet_berries":19,"minecraft:purple_bed":1,"minecraft:crafting_table":4,"minecraft:oak_boat":1,"minecraft:potato":1},"minecraft:picked_up":{"minecraft:crafting_table":4,"minecraft:iron_chestplate":1,"minecraft:chicken":1,"minecraft:sweet_berries":38,"minecraft:brown_wool":1,"minecraft:leather":1,"minecraft:potato":1,"minecraft:porkchop":1,"minecraft:oak_log":10,"minecraft:dirt":1,"minecraft:blue_bed":2,"minecraft:cooked_mutton":4,"minecraft:purple_bed":1,"minecraft:rotten_flesh":2,"minecraft:kelp":1,"minecraft:beef":1,"minecraft:cooked_chicken":1,"minecraft:gray_wool":1,"minecraft:oak_sapling":1,"minecraft:chest":2,"minecraft:mutton":4,"minecraft:white_wool":1,"minecraft:cobblestone":58},"minecraft:dropped":{"minecraft:bread":1,"minecraft:rotten_flesh":2,"minecraft:leather":1},"minecraft:crafted":{"minecraft:oak_boat":1,"minecraft:oak_planks":40,"minecraft:crafting_table":1,"minecraft:stick":8,"minecraft:wooden_pickaxe":1,"minecraft:stone_pickaxe":1,"minecraft:stone_sword":1,"minecraft:stone_axe":1}},"DataVersion":3465}