{"stats":{"minecraft:broken":{"minecraft:wooden_pickaxe":1},"minecraft:custom":{"minecraft:time_since_rest":22743,"minecraft:sprint_one_cm":58256,"minecraft:damage_taken":100,"minecraft:walk_one_cm":48204,"minecraft:mob_kills":7,"minecraft:drop":1,"minecraft:damage_dealt":891,"minecraft:talked_to_villager":1,"minecraft:swim_one_cm":8541,"minecraft:interact_with_crafting_table":6,"minecraft:fly_one_cm":79685,"minecraft:open_chest":6,"minecraft:crouch_one_cm":1614,"minecraft:play_time":22743,"minecraft:interact_with_campfire":1,"minecraft:sneak_time":1610,"minecraft:walk_under_water_one_cm":1133,"minecraft:jump":373,"minecraft:interact_with_blast_furnace":1,"minecraft:leave_game":1,"minecraft:time_since_death":22743,"minecraft:walk_on_water_one_cm":2427,"minecraft:total_world_time":22743,"minecraft:fall_one_cm":5596},"minecraft:killed":{"minecraft:sheep":3,"minecraft:skeleton":1,"minecraft:zombie":1,"minecraft:pig":1,"minecraft:cow":1},"minecraft:mined":{"minecraft:large_fern":3,"minecraft:purple_bed":1,"minecraft:crafting_table":2,"minecraft:oak_log":10,"minecraft:chest":1,"minecraft:dirt":2,"minecraft:stone":58,"minecraft:blue_bed":1,"minecraft:oak_leaves":1},"minecraft:used":{"minecraft:stone_sword":20,"minecraft:bread":2,"minecraft:wooden_pickaxe":59,"minecraft:stone_axe":4,"minecraft:beef":1,"minecraft:purple_bed":1,"minecraft:sweet_berries":11,"minecraft:crafting_table":3,"minecraft:potato":1},"minecraft:picked_up":{"minecraft:iron_chestplate":1,"minecraft:crafting_table":3,"minecraft:chicken":1,"minecraft:sweet_berries":11,"minecraft:brown_wool":1,"minecraft:leather":1,"minecraft:potato":1,"minecraft:porkchop":1,"minecraft:oak_log":10,"minecraft:blue_bed":1,"minecraft:dirt":1,"minecraft:purple_bed":1,"minecraft:beef":1,"minecraft:cooked_chicken":1,"minecraft:gray_wool":1,"minecraft:oak_sapling":1,"minecraft:chest":1,"minecraft:mutton":4,"minecraft:white_wool":1,"minecraft:cobblestone":58},"minecraft:dropped":{"minecraft:bread":1},"minecraft:crafted":{"minecraft:oak_planks":40,"minecraft:crafting_table":1,"minecraft:stick":8,"minecraft:wooden_pickaxe":1,"minecraft:stone_pickaxe":1,"minecraft:stone_sword":1,"minecraft:stone_axe":1}},"DataVersion":3465}