{"stats":{"minecraft:broken":{"minecraft:wooden_pickaxe":1},"minecraft:custom":{"minecraft:mob_kills":25,"minecraft:interact_with_crafting_table":10,"minecraft:interact_with_campfire":5,"minecraft:leave_game":2,"minecraft:time_since_death":67902,"minecraft:sleep_in_bed":6,"minecraft:time_since_rest":3550,"minecraft:sprint_one_cm":204605,"minecraft:damage_taken":486,"minecraft:walk_one_cm":114715,"minecraft:drop":5,"minecraft:damage_dealt":2684,"minecraft:talked_to_villager":1,"minecraft:swim_one_cm":41800,"minecraft:fly_one_cm":434969,"minecraft:open_chest":19,"minecraft:crouch_one_cm":4848,"minecraft:play_time":67902,"minecraft:sneak_time":2669,"minecraft:walk_under_water_one_cm":19114,"minecraft:boat_one_cm":224411,"minecraft:jump":1686,"minecraft:interact_with_blast_furnace":1,"minecraft:walk_on_water_one_cm":13657,"minecraft:total_world_time":67902,"minecraft:fall_one_cm":46640},"minecraft:killed":{"minecraft:pig":5,"minecraft:sheep":14,"minecraft:skeleton":1,"minecraft:zombie":3,"minecraft:cow":1},"minecraft:mined":{"minecraft:kelp_plant":1,"minecraft:crafting_table":6,"minecraft:torch":1,"minecraft:dark_oak_fence":2,"minecraft:chest":2,"minecraft:wall_torch":3,"minecraft:blue_bed":6,"minecraft:large_fern":3,"minecraft:hay_block":8,"minecraft:purple_bed":1,"minecraft:iron_ore":1,"minecraft:grass":5,"minecraft:oak_log":10,"minecraft:coal_ore":38,"minecraft:dirt":2,"minecraft:stone":60,"minecraft:oak_leaves":1},"minecraft:used":{"minecraft:stone_sword":69,"minecraft:stone_pickaxe":44,"minecraft:wooden_pickaxe":59,"minecraft:blue_bed":5,"minecraft:cooked_chicken":1,"minecraft:torch":4,"minecraft:crafting_table":7,"minecraft:crossbow":1,"minecraft:bread":10,"minecraft:stone_axe":15,"minecraft:cobblestone":4,"minecraft:beef":1,"minecraft:sweet_berries":38,"minecraft:purple_bed":1,"minecraft:oak_boat":1,"minecraft:potato":1,"minecraft:experience_bottle":1},"minecraft:picked_up":{"minecraft:crafting_table":7,"minecraft:iron_chestplate":1,"minecraft:chicken":1,"minecraft:leather":1,"minecraft:brown_wool":1,"minecraft:potato":1,"minecraft:oak_log":10,"minecraft:blue_bed":6,"minecraft:dirt":1,"minecraft:cooked_mutton":4,"minecraft:kelp":1,"minecraft:beef":1,"minecraft:cooked_chicken":1,"minecraft:oak_boat":1,"minecraft:chest":2,"minecraft:sweet_berries":38,"minecraft:torch":4,"minecraft:porkchop":7,"minecraft:purple_bed":1,"minecraft:rotten_flesh":3,"minecraft:hay_block":8,"minecraft:crossbow":1,"minecraft:gray_wool":1,"minecraft:oak_sapling":1,"minecraft:coal":37,"minecraft:mutton":21,"minecraft:cobblestone":60,"minecraft:white_wool":12},"minecraft:dropped":{"minecraft:bread":1,"minecraft:rotten_flesh":3,"minecraft:leather":1,"minecraft:filled_map":1},"minecraft:crafted":{"minecraft:oak_planks":40,"minecraft:crafting_table":1,"minecraft:wooden_pickaxe":1,"minecraft:stone_axe":1,"minecraft:bread":26,"minecraft:oak_boat":1,"minecraft:stick":8,"minecraft:iron_ingot":2,"minecraft:stone_pickaxe":1,"minecraft:stone_sword":1,"minecraft:torch":4,"minecraft:wheat":72}},"DataVersion":3465}