{"stats":{"minecraft:dropped":{"minecraft:iron_ingot":34,"minecraft:bread":188,"minecraft:dark_oak_stairs":1,"minecraft:wheat_seeds":4,"minecraft:oak_fence":7,"minecraft:cobblestone":4,"minecraft:leather":1,"minecraft:coal":14,"minecraft:emerald":19,"minecraft:stick":2,"minecraft:dirt":7,"minecraft:diorite":2,"minecraft:iron_leggings":1,"minecraft:sand":2,"minecraft:iron_pickaxe":2,"minecraft:string":2,"minecraft:dark_oak_planks":1,"minecraft:bone":5,"minecraft:oak_door":2,"minecraft:gravel":1,"minecraft:compass":1,"minecraft:obsidian":2,"minecraft:rotten_flesh":20,"minecraft:oak_planks":370,"minecraft:iron_boots":1,"minecraft:filled_map":1,"minecraft:gunpowder":3,"minecraft:iron_chestplate":1,"minecraft:andesite":5,"minecraft:yellow_bed":1,"minecraft:acacia_sapling":2,"minecraft:bamboo":188,"minecraft:arrow":3,"minecraft:bow":1},"minecraft:picked_up":{"minecraft:crafting_table":12,"minecraft:iron_chestplate":1,"minecraft:wheat":14,"minecraft:chicken":1,"minecraft:lead":2,"minecraft:shield":1,"minecraft:string":144,"minecraft:raw_copper":1,"minecraft:iron_leggings":1,"minecraft:beetroot":1,"minecraft:cobbled_deepslate":129,"minecraft:beef":2,"minecraft:oak_boat":7,"minecraft:iron_pickaxe":1,"minecraft:chest":2,"minecraft:iron_boots":1,"minecraft:raw_iron":136,"minecraft:oak_fence":7,"minecraft:torch":7,"minecraft:porkchop":8,"minecraft:diorite":19,"minecraft:carrot":97,"minecraft:redstone":287,"minecraft:dark_oak_planks":1,"minecraft:arrow":19,"minecraft:rotten_flesh":33,"minecraft:beetroot_seeds":3,"minecraft:hay_block":75,"minecraft:mutton":21,"minecraft:rail":25,"minecraft:white_wool":12,"minecraft:cobblestone":454,"minecraft:andesite":21,"minecraft:brown_wool":1,"minecraft:leather":1,"minecraft:potato":35,"minecraft:flint":2,"minecraft:oak_log":115,"minecraft:yellow_bed":3,"minecraft:gunpowder":5,"minecraft:lapis_lazuli":13,"minecraft:dirt":306,"minecraft:blue_bed":10,"minecraft:cooked_mutton":4,"minecraft:bone":15,"minecraft:kelp":1,"minecraft:bow":1,"minecraft:wheat_seeds":56,"minecraft:raw_gold":45,"minecraft:cooked_chicken":1,"minecraft:bamboo":1411,"minecraft:oak_planks":28,"minecraft:dark_oak_stairs":1,"minecraft:sweet_berries":38,"minecraft:gravel":13,"minecraft:sand":2,"minecraft:spider_eye":6,"minecraft:purple_bed":1,"minecraft:diamond":12,"minecraft:iron_helmet":1,"minecraft:crossbow":1,"minecraft:granite":1,"minecraft:gray_wool":1,"naturescompass:naturescompass":1,"minecraft:bread":74,"minecraft:oak_sapling":1,"minecraft:coal":481,"minecraft:ender_pearl":1},"minecraft:crafted":{"minecraft:oak_door":3,"minecraft:oak_planks":460,"minecraft:bone_meal":6,"minecraft:oak_trapdoor":2,"minecraft:iron_boots":1,"minecraft:iron_axe":1,"minecraft:stone_pickaxe":1,"minecraft:redstone_block":33,"minecraft:wheat":675,"minecraft:emerald":29,"minecraft:crafting_table":3,"minecraft:iron_helmet":1,"minecraft:wooden_pickaxe":1,"minecraft:iron_sword":3,"minecraft:gold_block":6,"minecraft:bucket":1,"minecraft:stone_axe":1,"minecraft:bread":235,"minecraft:air":0,"minecraft:oak_boat":1,"minecraft:iron_chestplate":1,"minecraft:diamond_pickaxe":1,"minecraft:stick":640,"minecraft:iron_ingot":205,"minecraft:iron_pickaxe":5,"minecraft:iron_block":22,"minecraft:stone_sword":1,"minecraft:iron_shovel":1,"minecraft:iron_leggings":1,"minecraft:gold_ingot":47,"minecraft:torch":4},"minecraft:used":{"minecraft:oak_trapdoor":1,"minecraft:beetroot":1,"minecraft:stone_sword":143,"minecraft:iron_shovel":190,"minecraft:chest":2,"minecraft:shield":28,"minecraft:iron_sword":380,"minecraft:cooked_chicken":1,"minecraft:oak_door":1,"minecraft:torch":42,"minecraft:dirt":268,"minecraft:carrot":97,"minecraft:lava_bucket":1,"minecraft:iron_axe":84,"minecraft:iron_helmet":1,"minecraft:bamboo":44,"minecraft:bow":3,"minecraft:beef":1,"minecraft:sweet_berries":38,"minecraft:beetroot_seeds":3,"minecraft:potato":35,"minecraft:cobbled_deepslate":15,"minecraft:iron_leggings":1,"minecraft:wheat_seeds":55,"minecraft:cooked_mutton":4,"minecraft:water_bucket":79,"minecraft:stone_pickaxe":130,"minecraft:wooden_pickaxe":59,"minecraft:blue_bed":10,"minecraft:crafting_table":14,"minecraft:crossbow":1,"minecraft:diamond_pickaxe":33,"minecraft:bread":117,"minecraft:iron_pickaxe":1213,"minecraft:stone_axe":130,"minecraft:cobblestone":140,"minecraft:purple_bed":1,"minecraft:bucket":81,"minecraft:yellow_bed":2,"minecraft:oak_boat":7,"minecraft:bone_meal":6,"minecraft:experience_bottle":1},"minecraft:broken":{"minecraft:stone_sword":1,"minecraft:wooden_pickaxe":1,"minecraft:stone_pickaxe":1,"minecraft:stone_axe":1,"minecraft:iron_sword":2,"minecraft:iron_pickaxe":4,"minecraft:iron_helmet":1},"minecraft:custom":{"minecraft:mob_kills":113,"minecraft:interact_with_crafting_table":43,"minecraft:interact_with_campfire":5,"minecraft:bell_ring":10,"minecraft:leave_game":26,"minecraft:time_since_death":161779,"minecraft:climb_one_cm":1961,"minecraft:sprint_one_cm":1162333,"minecraft:walk_one_cm":752948,"minecraft:damage_blocked_by_shield":1005,"minecraft:drop":89,"minecraft:talked_to_villager":16,"minecraft:play_time":390534,"minecraft:deaths":1,"minecraft:sneak_time":11861,"minecraft:walk_under_water_one_cm":41440,"minecraft:boat_one_cm":710311,"minecraft:jump":8480,"minecraft:interact_with_blast_furnace":8,"minecraft:walk_on_water_one_cm":63872,"minecraft:total_world_time":390534,"minecraft:interact_with_furnace":33,"minecraft:traded_with_villager":29,"minecraft:interact_with_grindstone":2,"minecraft:sleep_in_bed":23,"minecraft:time_since_rest":2202,"minecraft:damage_taken":4118,"minecraft:damage_dealt":20122,"minecraft:player_kills":1,"minecraft:swim_one_cm":82304,"minecraft:fly_one_cm":1948924,"minecraft:open_chest":153,"minecraft:crouch_one_cm":39394,"minecraft:fall_one_cm":234972},"minecraft:killed_by":{"minecraft:player":1},"minecraft:killed":{"minecraft:cave_spider":12,"minecraft:spider":6,"minecraft:skeleton":20,"minecraft:pig":6,"minecraft:creeper":2,"minecraft:sheep":14,"minecraft:trader_llama":2,"minecraft:zombie":44,"minecraft:player":1,"minecraft:enderman":1,"minecraft:cow":2},"minecraft:mined":{"minecraft:dark_oak_planks":1,"minecraft:dark_oak_leaves":1,"minecraft:deepslate_diamond_ore":11,"minecraft:dark_oak_log":2,"minecraft:granite":1,"minecraft:dark_oak_fence":2,"minecraft:grass_block":179,"minecraft:moss_block":2,"minecraft:spawner":2,"minecraft:large_fern":3,"minecraft:hay_block":75,"minecraft:carrots":29,"minecraft:iron_ore":69,"minecraft:andesite":21,"minecraft:deepslate_lapis_ore":2,"minecraft:dark_oak_stairs":1,"minecraft:potatoes":14,"minecraft:dirt_path":5,"minecraft:deepslate_iron_ore":73,"minecraft:rail":25,"minecraft:bamboo":157,"minecraft:stone":439,"minecraft:deepslate_redstone_ore":64,"minecraft:kelp_plant":1,"minecraft:oak_fence":3,"minecraft:crafting_table":11,"minecraft:torch":1,"minecraft:chest":2,"minecraft:glass":1,"minecraft:tall_grass":3,"minecraft:cobblestone":13,"minecraft:deepslate_gold_ore":41,"minecraft:diorite":18,"minecraft:wall_torch":3,"minecraft:blue_bed":10,"minecraft:seagrass":1,"minecraft:purple_bed":1,"minecraft:wheat":26,"minecraft:yellow_bed":3,"minecraft:grass":28,"minecraft:oak_log":115,"minecraft:coal_ore":471,"minecraft:beetroots":1,"minecraft:gravel":15,"minecraft:sand":3,"minecraft:dirt":55,"minecraft:cobweb":49,"minecraft:gold_ore":4,"minecraft:oak_leaves":6,"minecraft:deepslate":122}},"DataVersion":3465}