{"stats":{"minecraft:broken":{"minecraft:wooden_pickaxe":1},"minecraft:custom":{"minecraft:mob_kills":12,"minecraft:interact_with_crafting_table":9,"minecraft:interact_with_campfire":5,"minecraft:leave_game":2,"minecraft:time_since_death":43902,"minecraft:sleep_in_bed":4,"minecraft:time_since_rest":5514,"minecraft:sprint_one_cm":103291,"minecraft:damage_taken":228,"minecraft:walk_one_cm":71997,"minecraft:drop":4,"minecraft:damage_dealt":1447,"minecraft:talked_to_villager":1,"minecraft:swim_one_cm":38659,"minecraft:fly_one_cm":164796,"minecraft:open_chest":16,"minecraft:crouch_one_cm":2479,"minecraft:play_time":43902,"minecraft:sneak_time":2082,"minecraft:walk_under_water_one_cm":17161,"minecraft:boat_one_cm":224411,"minecraft:jump":714,"minecraft:interact_with_blast_furnace":1,"minecraft:walk_on_water_one_cm":11674,"minecraft:total_world_time":43902,"minecraft:fall_one_cm":13251},"minecraft:killed":{"minecraft:pig":1,"minecraft:sheep":5,"minecraft:skeleton":1,"minecraft:zombie":3,"minecraft:cow":1},"minecraft:mined":{"minecraft:kelp_plant":1,"minecraft:crafting_table":5,"minecraft:chest":2,"minecraft:blue_bed":4,"minecraft:large_fern":3,"minecraft:hay_block":8,"minecraft:purple_bed":1,"minecraft:oak_log":10,"minecraft:coal_ore":4,"minecraft:dirt":2,"minecraft:stone":58,"minecraft:oak_leaves":1},"minecraft:used":{"minecraft:stone_sword":34,"minecraft:stone_pickaxe":5,"minecraft:wooden_pickaxe":59,"minecraft:blue_bed":3,"minecraft:crafting_table":6,"minecraft:bread":2,"minecraft:stone_axe":10,"minecraft:cobblestone":3,"minecraft:beef":1,"minecraft:sweet_berries":32,"minecraft:purple_bed":1,"minecraft:oak_boat":1,"minecraft:potato":1},"minecraft:picked_up":{"minecraft:crafting_table":6,"minecraft:iron_chestplate":1,"minecraft:chicken":1,"minecraft:leather":1,"minecraft:brown_wool":1,"minecraft:potato":1,"minecraft:oak_log":10,"minecraft:blue_bed":4,"minecraft:dirt":1,"minecraft:cooked_mutton":4,"minecraft:kelp":1,"minecraft:beef":1,"minecraft:cooked_chicken":1,"minecraft:oak_boat":1,"minecraft:chest":2,"minecraft:sweet_berries":38,"minecraft:porkchop":1,"minecraft:purple_bed":1,"minecraft:rotten_flesh":3,"minecraft:hay_block":8,"minecraft:gray_wool":1,"minecraft:oak_sapling":1,"minecraft:coal":3,"minecraft:mutton":7,"minecraft:cobblestone":58,"minecraft:white_wool":3},"minecraft:dropped":{"minecraft:bread":1,"minecraft:rotten_flesh":2,"minecraft:leather":1,"minecraft:filled_map":1},"minecraft:crafted":{"minecraft:oak_planks":40,"minecraft:crafting_table":1,"minecraft:wooden_pickaxe":1,"minecraft:stone_axe":1,"minecraft:bread":26,"minecraft:oak_boat":1,"minecraft:stick":8,"minecraft:iron_ingot":1,"minecraft:stone_pickaxe":1,"minecraft:stone_sword":1,"minecraft:wheat":72}},"DataVersion":3465}