{"stats":{"minecraft:custom":{"minecraft:time_since_rest":10157,"minecraft:crouch_one_cm":1022,"minecraft:play_time":10157,"minecraft:sprint_one_cm":7759,"minecraft:damage_taken":20,"minecraft:walk_one_cm":11359,"minecraft:sneak_time":944,"minecraft:jump":70,"minecraft:damage_dealt":10,"minecraft:time_since_death":10157,"minecraft:total_world_time":10157,"minecraft:fall_one_cm":1509,"minecraft:interact_with_crafting_table":1,"minecraft:fly_one_cm":5473},"minecraft:mined":{"minecraft:oak_log":10,"minecraft:dirt":2,"minecraft:stone":38,"minecraft:oak_leaves":1,"minecraft:crafting_table":2},"minecraft:used":{"minecraft:crafting_table":3,"minecraft:wooden_pickaxe":39},"minecraft:picked_up":{"minecraft:crafting_table":2,"minecraft:oak_log":10,"minecraft:dirt":1,"minecraft:cobblestone":35},"minecraft:crafted":{"minecraft:oak_planks":40,"minecraft:crafting_table":1,"minecraft:stick":4,"minecraft:wooden_pickaxe":1}},"DataVersion":3465}