{"stats":{"minecraft:broken":{"minecraft:wooden_pickaxe":1},"minecraft:custom":{"minecraft:mob_kills":27,"minecraft:interact_with_crafting_table":13,"minecraft:interact_with_campfire":5,"minecraft:leave_game":2,"minecraft:time_since_death":85902,"minecraft:sleep_in_bed":7,"minecraft:time_since_rest":8589,"minecraft:sprint_one_cm":284626,"minecraft:damage_taken":846,"minecraft:walk_one_cm":139797,"minecraft:drop":14,"minecraft:damage_dealt":3001,"minecraft:talked_to_villager":1,"minecraft:swim_one_cm":55840,"minecraft:fly_one_cm":677381,"minecraft:player_kills":1,"minecraft:open_chest":28,"minecraft:crouch_one_cm":5292,"minecraft:play_time":85902,"minecraft:sneak_time":2799,"minecraft:walk_under_water_one_cm":21385,"minecraft:boat_one_cm":224411,"minecraft:jump":2482,"minecraft:interact_with_blast_furnace":2,"minecraft:walk_on_water_one_cm":16052,"minecraft:total_world_time":85902,"minecraft:fall_one_cm":74431},"minecraft:killed":{"minecraft:pig":5,"minecraft:sheep":14,"minecraft:skeleton":2,"minecraft:zombie":3,"minecraft:player":1,"minecraft:cow":2},"minecraft:mined":{"minecraft:kelp_plant":1,"minecraft:dark_oak_log":2,"minecraft:crafting_table":8,"minecraft:torch":1,"minecraft:dark_oak_fence":2,"minecraft:chest":2,"minecraft:wall_torch":3,"minecraft:blue_bed":8,"minecraft:large_fern":3,"minecraft:hay_block":59,"minecraft:purple_bed":1,"minecraft:iron_ore":1,"minecraft:wheat":1,"minecraft:grass":8,"minecraft:oak_log":10,"minecraft:coal_ore":38,"minecraft:dirt":2,"minecraft:stone":60,"minecraft:oak_leaves":1},"minecraft:used":{"minecraft:stone_sword":76,"minecraft:stone_pickaxe":44,"minecraft:wooden_pickaxe":59,"minecraft:blue_bed":7,"minecraft:cooked_chicken":1,"minecraft:torch":4,"minecraft:crafting_table":9,"minecraft:crossbow":1,"minecraft:bread":22,"minecraft:stone_axe":19,"minecraft:cobblestone":4,"minecraft:beef":1,"minecraft:sweet_berries":38,"minecraft:purple_bed":1,"minecraft:oak_boat":1,"minecraft:potato":1,"minecraft:experience_bottle":1},"minecraft:picked_up":{"minecraft:crafting_table":9,"minecraft:iron_chestplate":1,"minecraft:wheat":1,"minecraft:chicken":1,"minecraft:leather":1,"minecraft:brown_wool":1,"minecraft:potato":1,"minecraft:oak_log":10,"minecraft:blue_bed":8,"minecraft:dirt":1,"minecraft:cooked_mutton":4,"minecraft:bone":2,"minecraft:kelp":1,"minecraft:wheat_seeds":1,"minecraft:beef":2,"minecraft:cooked_chicken":1,"minecraft:oak_boat":1,"minecraft:chest":2,"minecraft:sweet_berries":38,"minecraft:torch":4,"minecraft:porkchop":7,"minecraft:arrow":2,"minecraft:purple_bed":1,"minecraft:rotten_flesh":3,"minecraft:hay_block":59,"minecraft:crossbow":1,"naturescompass:naturescompass":1,"minecraft:gray_wool":1,"minecraft:oak_sapling":1,"minecraft:coal":37,"minecraft:mutton":21,"minecraft:cobblestone":60,"minecraft:white_wool":12},"minecraft:dropped":{"minecraft:bread":104,"minecraft:compass":1,"minecraft:wheat_seeds":1,"minecraft:obsidian":2,"minecraft:rotten_flesh":3,"minecraft:leather":1,"minecraft:filled_map":1,"minecraft:acacia_sapling":2,"minecraft:bone":2},"minecraft:crafted":{"minecraft:oak_planks":40,"minecraft:crafting_table":1,"minecraft:wooden_pickaxe":1,"minecraft:stone_axe":1,"minecraft:bread":180,"minecraft:oak_boat":1,"minecraft:stick":8,"minecraft:iron_ingot":2,"minecraft:stone_pickaxe":1,"minecraft:stone_sword":1,"minecraft:torch":4,"minecraft:wheat":531}},"DataVersion":3465}