{"stats":{"minecraft:picked_up":{"minecraft:iron_chestplate":1,"minecraft:crafting_table":10,"minecraft:wheat":1,"minecraft:chicken":1,"minecraft:andesite":18,"minecraft:brown_wool":1,"minecraft:leather":1,"minecraft:lead":2,"minecraft:potato":1,"minecraft:flint":1,"minecraft:oak_log":115,"minecraft:shield":1,"minecraft:gunpowder":2,"minecraft:string":3,"minecraft:dirt":27,"minecraft:blue_bed":10,"minecraft:raw_copper":1,"minecraft:iron_leggings":1,"minecraft:cooked_mutton":4,"minecraft:bone":5,"minecraft:kelp":1,"minecraft:wheat_seeds":2,"minecraft:raw_gold":4,"minecraft:beef":2,"minecraft:cooked_chicken":1,"minecraft:oak_boat":2,"minecraft:iron_pickaxe":1,"minecraft:chest":2,"minecraft:iron_boots":1,"minecraft:raw_iron":58,"minecraft:sweet_berries":38,"minecraft:torch":4,"minecraft:gravel":4,"minecraft:porkchop":7,"minecraft:diorite":19,"minecraft:spider_eye":2,"minecraft:arrow":6,"minecraft:purple_bed":1,"minecraft:rotten_flesh":23,"minecraft:hay_block":59,"minecraft:iron_helmet":1,"minecraft:crossbow":1,"minecraft:granite":1,"minecraft:gray_wool":1,"naturescompass:naturescompass":1,"minecraft:oak_sapling":1,"minecraft:mutton":21,"minecraft:coal":439,"minecraft:white_wool":12,"minecraft:cobblestone":379},"minecraft:broken":{"minecraft:stone_pickaxe":1,"minecraft:stone_sword":1,"minecraft:stone_axe":1,"minecraft:iron_pickaxe":2,"minecraft:wooden_pickaxe":1},"minecraft:crafted":{"minecraft:oak_planks":460,"minecraft:emerald":10,"minecraft:crafting_table":2,"minecraft:wooden_pickaxe":1,"minecraft:iron_sword":1,"minecraft:bucket":1,"minecraft:stone_axe":1,"minecraft:bread":180,"minecraft:air":0,"minecraft:oak_boat":1,"minecraft:stick":20,"minecraft:iron_ingot":75,"minecraft:iron_pickaxe":5,"minecraft:stone_pickaxe":1,"minecraft:iron_block":10,"minecraft:stone_sword":1,"minecraft:gold_ingot":4,"minecraft:torch":4,"minecraft:wheat":531},"minecraft:killed_by":{"minecraft:player":1},"minecraft:mined":{"minecraft:kelp_plant":1,"minecraft:dark_oak_log":2,"minecraft:crafting_table":9,"minecraft:torch":1,"minecraft:granite":1,"minecraft:dark_oak_fence":2,"minecraft:grass_block":4,"minecraft:chest":2,"minecraft:tall_grass":2,"minecraft:cobblestone":5,"minecraft:diorite":17,"minecraft:wall_torch":3,"minecraft:blue_bed":10,"minecraft:large_fern":3,"minecraft:seagrass":1,"minecraft:hay_block":59,"minecraft:purple_bed":1,"minecraft:iron_ore":59,"minecraft:wheat":1,"minecraft:andesite":18,"minecraft:grass":8,"minecraft:coal_ore":433,"minecraft:oak_log":115,"minecraft:gravel":6,"minecraft:dirt":24,"minecraft:stone":369,"minecraft:gold_ore":4,"minecraft:oak_leaves":5},"minecraft:custom":{"minecraft:interact_with_furnace":18,"minecraft:mob_kills":57,"minecraft:traded_with_villager":10,"minecraft:interact_with_crafting_table":25,"minecraft:interact_with_campfire":5,"minecraft:bell_ring":9,"minecraft:interact_with_grindstone":2,"minecraft:leave_game":21,"minecraft:time_since_death":2417,"minecraft:sleep_in_bed":16,"minecraft:time_since_rest":2460,"minecraft:sprint_one_cm":647046,"minecraft:damage_taken":2173,"minecraft:walk_one_cm":373515,"minecraft:damage_blocked_by_shield":505,"minecraft:drop":30,"minecraft:damage_dealt":10121,"minecraft:player_kills":1,"minecraft:swim_one_cm":71189,"minecraft:talked_to_villager":8,"minecraft:fly_one_cm":1269963,"minecraft:open_chest":69,"minecraft:crouch_one_cm":14219,"minecraft:play_time":231172,"minecraft:deaths":1,"minecraft:sneak_time":5746,"minecraft:walk_under_water_one_cm":31783,"minecraft:boat_one_cm":286073,"minecraft:jump":5183,"minecraft:interact_with_blast_furnace":3,"minecraft:walk_on_water_one_cm":29205,"minecraft:total_world_time":231172,"minecraft:fall_one_cm":149796},"minecraft:used":{"minecraft:cooked_mutton":4,"minecraft:water_bucket":20,"minecraft:stone_sword":143,"minecraft:stone_pickaxe":130,"minecraft:chest":2,"minecraft:wooden_pickaxe":59,"minecraft:shield":10,"minecraft:iron_sword":65,"minecraft:cooked_chicken":1,"minecraft:blue_bed":10,"minecraft:torch":8,"minecraft:crafting_table":12,"minecraft:crossbow":1,"minecraft:bread":57,"minecraft:iron_pickaxe":744,"minecraft:iron_helmet":1,"minecraft:stone_axe":130,"minecraft:cobblestone":39,"minecraft:beef":1,"minecraft:purple_bed":1,"minecraft:sweet_berries":38,"minecraft:oak_boat":2,"minecraft:bucket":21,"minecraft:experience_bottle":1,"minecraft:potato":1,"minecraft:iron_leggings":1},"minecraft:killed":{"minecraft:pig":5,"minecraft:spider":4,"minecraft:creeper":1,"minecraft:sheep":14,"minecraft:skeleton":6,"minecraft:trader_llama":2,"minecraft:zombie":20,"minecraft:player":1,"minecraft:cow":2},"minecraft:dropped":{"minecraft:gravel":1,"minecraft:bread":104,"minecraft:compass":1,"minecraft:wheat_seeds":1,"minecraft:obsidian":2,"minecraft:cobblestone":4,"minecraft:rotten_flesh":12,"minecraft:oak_planks":370,"minecraft:leather":1,"minecraft:coal":14,"minecraft:filled_map":1,"minecraft:diorite":2,"minecraft:andesite":2,"minecraft:acacia_sapling":2,"minecraft:arrow":1,"minecraft:iron_pickaxe":2,"minecraft:string":2,"minecraft:bone":2}},"DataVersion":3465}