{"stats":{"minecraft:custom":{"minecraft:interact_with_furnace":7,"minecraft:sprint_one_cm":93388,"minecraft:damage_taken":235,"minecraft:walk_one_cm":60225,"minecraft:mob_kills":2,"minecraft:drop":1,"minecraft:damage_dealt":244,"minecraft:talked_to_villager":1,"minecraft:swim_one_cm":8342,"minecraft:interact_with_crafting_table":2,"minecraft:fly_one_cm":116761,"minecraft:open_chest":10,"minecraft:crouch_one_cm":979,"minecraft:play_time":35196,"minecraft:sneak_time":415,"minecraft:bell_ring":41,"minecraft:walk_under_water_one_cm":2866,"minecraft:boat_one_cm":28093,"minecraft:jump":552,"minecraft:leave_game":3,"minecraft:walk_on_water_one_cm":1070,"minecraft:time_since_death":34410,"minecraft:sleep_in_bed":2,"minecraft:total_world_time":35196,"minecraft:fall_one_cm":11437,"minecraft:time_since_rest":2147},"minecraft:killed":{"minecraft:pig":2},"minecraft:mined":{"minecraft:pink_petals":14,"minecraft:birch_log":2,"minecraft:crafting_table":1,"minecraft:grass":2,"minecraft:oak_log":2},"minecraft:used":{"minecraft:sweet_berries":6,"minecraft:crafting_table":1,"minecraft:porkchop":4,"minecraft:carrot":1,"minecraft:oak_boat":1,"minecraft:cooked_beef":2},"minecraft:picked_up":{"minecraft:birch_log":2,"minecraft:pink_petals":41,"minecraft:crafting_table":1,"minecraft:sweet_berries":6,"minecraft:porkchop":4,"minecraft:oak_log":2,"minecraft:oak_boat":1},"minecraft:dropped":{"minecraft:pink_petals":41},"minecraft:crafted":{"minecraft:cooked_beef":9,"minecraft:oak_boat":1,"minecraft:oak_planks":8,"minecraft:cooked_porkchop":7,"minecraft:crafting_table":1,"minecraft:birch_planks":8,"minecraft:air":0}},"DataVersion":3465}