{"stats":{"minecraft:custom":{"minecraft:interact_with_furnace":7,"minecraft:sprint_one_cm":78677,"minecraft:damage_taken":215,"minecraft:walk_one_cm":51057,"minecraft:mob_kills":2,"minecraft:drop":1,"minecraft:damage_dealt":234,"minecraft:talked_to_villager":1,"minecraft:swim_one_cm":8342,"minecraft:interact_with_crafting_table":2,"minecraft:fly_one_cm":98665,"minecraft:open_chest":10,"minecraft:crouch_one_cm":979,"minecraft:play_time":22881,"minecraft:sneak_time":415,"minecraft:bell_ring":37,"minecraft:walk_under_water_one_cm":2866,"minecraft:boat_one_cm":28093,"minecraft:jump":460,"minecraft:leave_game":2,"minecraft:walk_on_water_one_cm":1070,"minecraft:time_since_death":22095,"minecraft:sleep_in_bed":1,"minecraft:total_world_time":22881,"minecraft:fall_one_cm":10392,"minecraft:time_since_rest":4625},"minecraft:killed":{"minecraft:pig":2},"minecraft:mined":{"minecraft:pink_petals":14,"minecraft:birch_log":2,"minecraft:crafting_table":1,"minecraft:grass":1,"minecraft:oak_log":2},"minecraft:used":{"minecraft:sweet_berries":6,"minecraft:crafting_table":1,"minecraft:porkchop":4,"minecraft:carrot":1,"minecraft:oak_boat":1,"minecraft:cooked_beef":1},"minecraft:picked_up":{"minecraft:birch_log":2,"minecraft:pink_petals":41,"minecraft:crafting_table":1,"minecraft:sweet_berries":6,"minecraft:porkchop":4,"minecraft:oak_log":2,"minecraft:oak_boat":1},"minecraft:dropped":{"minecraft:pink_petals":41},"minecraft:crafted":{"minecraft:cooked_beef":9,"minecraft:oak_boat":1,"minecraft:oak_planks":8,"minecraft:cooked_porkchop":7,"minecraft:crafting_table":1,"minecraft:birch_planks":8,"minecraft:air":0}},"DataVersion":3465}