{"stats":{"minecraft:custom":{"minecraft:time_since_rest":10914,"minecraft:crouch_one_cm":100,"minecraft:sprint_one_cm":63340,"minecraft:play_time":10914,"minecraft:damage_taken":115,"minecraft:walk_one_cm":17514,"minecraft:sneak_time":48,"minecraft:walk_under_water_one_cm":1149,"minecraft:mob_kills":2,"minecraft:boat_one_cm":28093,"minecraft:jump":339,"minecraft:damage_dealt":234,"minecraft:leave_game":1,"minecraft:walk_on_water_one_cm":723,"minecraft:time_since_death":10914,"minecraft:total_world_time":10914,"minecraft:swim_one_cm":5179,"minecraft:interact_with_crafting_table":2,"minecraft:fall_one_cm":6514,"minecraft:fly_one_cm":67172},"minecraft:killed":{"minecraft:pig":2},"minecraft:mined":{"minecraft:grass":1,"minecraft:oak_log":2,"minecraft:birch_log":2,"minecraft:crafting_table":1},"minecraft:used":{"minecraft:sweet_berries":6,"minecraft:crafting_table":1,"minecraft:porkchop":4,"minecraft:oak_boat":1},"minecraft:picked_up":{"minecraft:birch_log":2,"minecraft:crafting_table":1,"minecraft:sweet_berries":6,"minecraft:oak_boat":1,"minecraft:porkchop":4,"minecraft:oak_log":2},"minecraft:crafted":{"minecraft:oak_boat":1,"minecraft:oak_planks":8,"minecraft:birch_planks":8,"minecraft:crafting_table":1}},"DataVersion":3465}